run,type,module,name,attrname,attrvalue,vectime,vecvalue
Ieee802154Power-0-20260923-22:08:54-1429,runattr,,,configname,Ieee802154Power,,
Ieee802154Power-0-20260923-22:08:54-1429,runattr,,,datetime,20260923-22:08:54,,
Ieee802154Power-0-20260923-22:08:54-1429,runattr,,,datetimef,20260923-220854,,
Ieee802154Power-0-20260923-22:08:54-1429,runattr,,,experiment,Ieee802154Power,,
Ieee802154Power-0-20260923-22:08:54-1429,runattr,,,inifile,omnetpp.ini,,
Ieee802154Power-0-20260923-22:08:54-1429,runattr,,,iterationvars,,,
Ieee802154Power-0-20260923-22:08:54-1429,runattr,,,iterationvarsd,,,
Ieee802154Power-0-20260923-22:08:54-1429,runattr,,,iterationvarsf,,,
Ieee802154Power-0-20260923-22:08:54-1429,runattr,,,measurement,,,
Ieee802154Power-0-20260923-22:08:54-1429,runattr,,,network,Ieee802154Showcase,,
Ieee802154Power-0-20260923-22:08:54-1429,runattr,,,processid,1429,,
Ieee802154Power-0-20260923-22:08:54-1429,runattr,,,repetition,0,,
Ieee802154Power-0-20260923-22:08:54-1429,runattr,,,replication,#0,,
Ieee802154Power-0-20260923-22:08:54-1429,runattr,,,resultdir,results,,
Ieee802154Power-0-20260923-22:08:54-1429,runattr,,,runnumber,0,,
Ieee802154Power-0-20260923-22:08:54-1429,runattr,,,seedset,0,,
Ieee802154Power-0-20260923-22:08:54-1429,config,,,sim-time-limit,20s,,
Ieee802154Power-0-20260923-22:08:54-1429,config,,,extends,Ieee802154,,
Ieee802154Power-0-20260923-22:08:54-1429,config,,,sim-time-limit,100s,,
Ieee802154Power-0-20260923-22:08:54-1429,config,,,repeat,10,,
Ieee802154Power-0-20260923-22:08:54-1429,config,,,**.energyStorage.residualEnergyCapacity.result-recording-modes,+last,,
Ieee802154Power-0-20260923-22:08:54-1429,config,,,network,Ieee802154Showcase,,
Ieee802154Power-0-20260923-22:08:54-1429,config,,,**.arp.typename,GlobalArp,,
Ieee802154Power-0-20260923-22:08:54-1429,config,,,**.netmaskRoutes,"""""",,
Ieee802154Power-0-20260923-22:08:54-1429,config,,,*.radioMedium.backgroundNoise.power,-110dBm,,
Ieee802154Power-0-20260923-22:08:54-1429,config,,,*.configurator.config,"xmldoc(""startopology.xml"")",,
Ieee802154Power-0-20260923-22:08:54-1429,config,,,*.configurator.addStaticRoutes,false,,
Ieee802154Power-0-20260923-22:08:54-1429,config,,,*.sensor*.numApps,1,,
Ieee802154Power-0-20260923-22:08:54-1429,config,,,*.sensor*.app[*].typename,UdpBasicApp,,
Ieee802154Power-0-20260923-22:08:54-1429,config,,,*.sensor*.app[*].destAddresses,"""controller""",,
Ieee802154Power-0-20260923-22:08:54-1429,config,,,*.sensor*.app[*].destPort,1000,,
Ieee802154Power-0-20260923-22:08:54-1429,config,,,*.sensor*.app[*].sendInterval,1s,,
Ieee802154Power-0-20260923-22:08:54-1429,config,,,*.sensor*.app[*].startTime,"uniform(0s,1s)",,
Ieee802154Power-0-20260923-22:08:54-1429,config,,,*.sensor*.app[*].messageLength,10Byte,,
Ieee802154Power-0-20260923-22:08:54-1429,config,,,*.sensor*.app[*].packetName,"""SensorData""",,
Ieee802154Power-0-20260923-22:08:54-1429,config,,,*.controller.numApps,2,,
Ieee802154Power-0-20260923-22:08:54-1429,config,,,*.controller.app[0].typename,UdpBasicApp,,
Ieee802154Power-0-20260923-22:08:54-1429,config,,,*.controller.app[0].destAddresses,"""lamp1 lamp2 lamp3 lamp4 lamp5 lamp6 lamp7 lamp8""",,
Ieee802154Power-0-20260923-22:08:54-1429,config,,,*.controller.app[0].destPort,1000,,
Ieee802154Power-0-20260923-22:08:54-1429,config,,,*.controller.app[0].sendInterval,1s,,
Ieee802154Power-0-20260923-22:08:54-1429,config,,,*.controller.app[0].startTime,exponential(1s),,
Ieee802154Power-0-20260923-22:08:54-1429,config,,,*.controller.app[0].messageLength,10Byte,,
Ieee802154Power-0-20260923-22:08:54-1429,config,,,*.controller.app[0].packetName,"""ControlData""",,
Ieee802154Power-0-20260923-22:08:54-1429,config,,,*.controller.app[1].typename,UdpSink,,
Ieee802154Power-0-20260923-22:08:54-1429,config,,,*.controller.app[1].localPort,1000,,
Ieee802154Power-0-20260923-22:08:54-1429,config,,,*.lamp*.numApps,1,,
Ieee802154Power-0-20260923-22:08:54-1429,config,,,*.lamp*.app[0].typename,UdpSink,,
Ieee802154Power-0-20260923-22:08:54-1429,config,,,*.lamp*.app[0].localPort,1000,,
Ieee802154Power-0-20260923-22:08:54-1429,config,,,*.visualizer.routingTableVisualizer[0].displayRoutingTables,false,,
Ieee802154Power-0-20260923-22:08:54-1429,config,,,*.visualizer.routingTableVisualizer[0].displayRoutesIndividually,false,,
Ieee802154Power-0-20260923-22:08:54-1429,config,,,*.visualizer.routingTableVisualizer[0].lineShift,0,,
Ieee802154Power-0-20260923-22:08:54-1429,config,,,*.visualizer.routingTableVisualizer[0].displayLabels,false,,
Ieee802154Power-0-20260923-22:08:54-1429,config,,,*.visualizer.interfaceTableVisualizer[0].displayInterfaceTables,false,,
Ieee802154Power-0-20260923-22:08:54-1429,config,,,*.visualizer.numDataLinkVisualizers,2,,
Ieee802154Power-0-20260923-22:08:54-1429,config,,,*.visualizer.dataLinkVisualizer[*].displayLinks,true,,
Ieee802154Power-0-20260923-22:08:54-1429,config,,,*.visualizer.dataLinkVisualizer[0].nodeFilter,"""sensor* or controller""",,
Ieee802154Power-0-20260923-22:08:54-1429,config,,,*.visualizer.dataLinkVisualizer[1].*Color,"""blue""",,
Ieee802154Power-0-20260923-22:08:54-1429,config,,,*.visualizer.dataLinkVisualizer[1].nodeFilter,"""lamp* or controller""",,
Ieee802154Power-0-20260923-22:08:54-1429,config,,,*.visualizer.numStatisticVisualizers,2,,
Ieee802154Power-0-20260923-22:08:54-1429,config,,,*.visualizer.statisticVisualizer[*].zIndex,1,,
Ieee802154Power-0-20260923-22:08:54-1429,config,,,*.visualizer.statisticVisualizer[0].displayStatistics,true,,
Ieee802154Power-0-20260923-22:08:54-1429,config,,,*.visualizer.statisticVisualizer[0].signalName,"""packetSent""",,
Ieee802154Power-0-20260923-22:08:54-1429,config,,,*.visualizer.statisticVisualizer[0].statisticExpression,"""count""",,
Ieee802154Power-0-20260923-22:08:54-1429,config,,,*.visualizer.statisticVisualizer[0].sourceFilter,"""**.controller.udp OR **.sensor*.udp""",,
Ieee802154Power-0-20260923-22:08:54-1429,config,,,*.visualizer.statisticVisualizer[0].format,"""sent: %v pks""",,
Ieee802154Power-0-20260923-22:08:54-1429,config,,,*.visualizer.statisticVisualizer[1].displayStatistics,true,,
Ieee802154Power-0-20260923-22:08:54-1429,config,,,*.visualizer.statisticVisualizer[1].signalName,"""packetReceived""",,
Ieee802154Power-0-20260923-22:08:54-1429,config,,,*.visualizer.statisticVisualizer[1].statisticExpression,"""count""",,
Ieee802154Power-0-20260923-22:08:54-1429,config,,,*.visualizer.statisticVisualizer[1].sourceFilter,"""**.controller.udp OR **.lamp*.udp""",,
Ieee802154Power-0-20260923-22:08:54-1429,config,,,*.visualizer.statisticVisualizer[1].format,"""rcvd: %v pks""",,
Ieee802154Power-0-20260923-22:08:54-1429,vector,Ieee802154Showcase.sensor1.wlan[0].radio.energyConsumer,powerConsumption:vector,,,"0 0 0 0 0.059273027937 0.059273027937 0.060969027937 0.061161028022 0.061513028022 0.385021732763 0.386717732763 0.386909747827 0.387261747827 0.478305137761 0.480001137761 0.480193154787 0.480545154787 0.84439374409 0.84439374409 0.84439374409 0.84439374409 0.84458574409 0.84458574409 0.84628174409 0.84628174409 0.84628174409 0.84628174409 0.84628174409 0.846473794896 0.846473794896 0.846825794896 0.84821178062 0.84990778062 0.850099785036 0.850451785036 1.059273027937 1.060969027937 1.061161028022 1.061513028022 1.138178967113 1.139874967113 1.140067005986 1.140419005986 1.385341732763 1.387037732763 1.387229747827 1.387581747827 1.479265137761 1.480961137761 1.481153154787 1.481505154787 1.84439374409 1.84439374409 1.84439374409 1.84439374409 1.84458574409 1.84458574409 1.84628174409 1.84628174409 1.84628174409 1.84628174409 1.84628174409 1.846473794896 1.846473794896 1.846825794896 1.84885178062 1.85054778062 1.850739785036 1.851091785036 2.058633027937 2.060329027937 2.060521028022 2.060873028022 2.136258967113 2.137954967113 2.138146979744 2.138498979744 2.385021732763 2.386717732763 2.386909747827 2.387261747827 2.479265137761 2.480961137761 2.481153154787 2.481505154787 2.84503374409 2.84503374409 2.84503374409 2.84503374409 2.84522574409 2.84522574409 2.84692174409 2.84692174409 2.84692174409 2.84692174409 2.84692174409 2.847113794896 2.847113794896 2.847465794896 2.84981178062 2.85150778062 2.851699785036 2.852051785036 3.057353027937 3.059049027937 3.059241028022 3.059593028022 3.138498967113 3.140194967113 3.140386987669 3.140738987669 3.385021732763 3.386717732763 3.386909747827 3.387261747827 3.479905137761 3.481601137761 3.481793154787 3.482145154787 3.84535374409 3.84535374409 3.84535374409 3.84535374409 3.84554574409 3.84554574409 3.84724174409 3.84724174409 3.84724174409 3.84724174409 3.84724174409 3.847433794896 3.847433794896 3.847785794896 3.84821178062 3.84990778062 3.850099785036 3.850451785036 4.057033027937 4.058729027937 4.058921028022 4.059273028022 4.137218967113 4.138914967113 4.139106979744 4.139458979744 4.385981732763 4.387677732763 4.387869747827 4.388221747827 4.478625137761 4.480321137761 4.480513154787 4.480865154787 4.84535374409 4.84535374409 4.84535374409 4.84535374409 4.84554574409 4.84554574409 4.84724174409 4.84724174409 4.84724174409 4.84724174409 4.84724174409 4.847433794896 4.847433794896 4.847785794896 4.84949178062 4.85118778062 4.851379785036 4.851731785036 5.059273027937 5.060969027937 5.061161028022 5.061513028022 5.137538967113 5.139234967113 5.139426980878 5.139778980878 5.385981732763 5.387677732763 5.387869747827 5.388221747827 5.479265137761 5.480961137761 5.481153154787 5.481505154787 5.84631374409 5.84631374409 5.84631374409 5.84631374409 5.84650574409 5.84650574409 5.84820174409 5.84820174409 5.84820174409 5.84820174409 5.84820174409 5.848393794896 5.848393794896 5.848745794896 5.84993978062 5.85163578062 5.851827785036 5.852179785036 6.059273027937 6.060969027937 6.061161028022 6.061513028022 6.137858967113 6.139554967113 6.139746980878 6.140098980878 6.386301732763 6.387997732763 6.388189747827 6.388541747827 6.478305137761 6.480001137761 6.480193154787 6.480545154787 6.84471374409 6.84471374409 6.84471374409 6.84471374409 6.84490574409 6.84490574409 6.84660174409 6.84660174409 6.84660174409 6.84660174409 6.84660174409 6.846793794896 6.846793794896 6.847145794896 6.84757178062 6.84926778062 6.849459785036 6.849811785036 7.058633027937 7.060329027937 7.060521028022 7.060873028022 7.136258967113 7.137954967113 7.138146979744 7.138498979744 7.385341732763 7.387037732763 7.387229747827 7.387581747827 7.478625137761 7.480321137761 7.480513154787 7.480865154787 7.84599374409 7.84599374409 7.84599374409 7.84599374409 7.84618574409 7.84618574409 7.84788174409 7.84788174409 7.84788174409 7.84788174409 7.84788174409 7.848073794896 7.848073794896 7.848425794896 7.84990778062 7.84990778062 7.85078778062 7.85078778062 7.85248378062 7.852675785036 7.853027785036 8.057673027937 8.059369027937 8.059561028022 8.059913028022 8.136898967113 8.138594967113 8.138787005986 8.139139005986 8.386941732763 8.388637732763 8.388829747827 8.389181747827 8.478625137761 8.480321137761 8.480513154787 8.480865154787 8.84503374409 8.84503374409 8.84503374409 8.84503374409 8.84522574409 8.84522574409 8.84692174409 8.84692174409 8.84692174409 8.84692174409 8.84692174409 8.847113794896 8.847113794896 8.847465794896 8.84853178062 8.85022778062 8.850419785036 8.850771785036 9.057993027937 9.059689027937 9.059881028022 9.060233028022 9.136898967113 9.138594967113 9.138787005986 9.139139005986 9.385661732763 9.387357732763 9.387549747827 9.387901747827 9.478305137761 9.480001137761 9.480193154787 9.480545154787 9.84535374409 9.84535374409 9.84535374409 9.84535374409 9.84554574409 9.84554574409 9.84724174409 9.84724174409 9.84724174409 9.84724174409 9.84724174409 9.847433794896 9.847433794896 9.847785794896 9.85121978062 9.85291578062 9.853107785036 9.853459785036 10.058313027937 10.060009027937 10.060201028022 10.060553028022 10.138178967113 10.139874967113 10.140066987353 10.140418987353 10.384701732763 10.386397732763 10.386589747827 10.386941747827 10.478625137761 10.480321137761 10.480513154787 10.480865154787 10.84439374409 10.84439374409 10.84439374409 10.84439374409 10.84458574409 10.84458574409 10.84628174409 10.84628174409 10.84628174409 10.84628174409 10.84628174409 10.846473794896 10.846473794896 10.846825794896 10.84949178062 10.85118778062 10.851379785036 10.851731785036 11.058953027937 11.060649027937 11.060841028022 11.061193028022 11.138178967113 11.139874967113 11.140067005986 11.140419005986 11.385661732763 11.387357732763 11.387549747827 11.387901747827 11.479265137761 11.480961137761 11.481153154787 11.481505154787 11.84599374409 11.84599374409 11.84599374409 11.84599374409 11.84618574409 11.84618574409 11.84788174409 11.84788174409 11.84788174409 11.84788174409 11.84788174409 11.848073794896 11.848073794896 11.848425794896 11.85185978062 11.85355578062 11.853747785036 11.854099785036 12.057993027937 12.059689027937 12.059881028022 12.060233028022 12.136898967113 12.138594967113 12.138786979744 12.139138979744 12.386301732763 12.387997732763 12.388189747827 12.388541747827 12.477985137761 12.479681137761 12.479873154787 12.480225154787 12.84535374409 12.84535374409 12.84535374409 12.84535374409 12.84554574409 12.84554574409 12.84724174409 12.84724174409 12.84724174409 12.84724174409 12.84724174409 12.847433794896 12.847433794896 12.847785794896 12.84926778062 12.84926778062 12.85206778062 12.85206778062 12.85376378062 12.853955785036 12.854307785036 13.058313027937 13.060009027937 13.060201028022 13.060553028022 13.137858967113 13.139554967113 13.139747005986 13.140099005986 13.385981732763 13.387677732763 13.387869747827 13.388221747827 13.479585137761 13.481281137761 13.481473154787 13.481825154787 13.84599374409 13.84599374409 13.84599374409 13.84599374409 13.84618574409 13.84618574409 13.84788174409 13.84788174409 13.84788174409 13.84788174409 13.84788174409 13.848073794896 13.848073794896 13.848425794896 13.85550778062 13.85720378062 13.857395785036 13.857747785036 14.058633027937 14.060329027937 14.060521028022 14.060873028022 14.136578967113 14.138274967113 14.138466979744 14.138818979744 14.385981732763 14.387677732763 14.387869747827 14.388221747827 14.479905137761 14.481601137761 14.481793154787 14.482145154787 14.84599374409 14.84599374409 14.84599374409 14.84599374409 14.84618574409 14.84618574409 14.84788174409 14.84788174409 14.84788174409 14.84788174409 14.84788174409 14.848073794896 14.848073794896 14.848425794896 14.85057978062 14.85227578062 14.852467785036 14.852819785036 15.058313027937 15.060009027937 15.060201028022 15.060553028022 15.137218967113 15.138914967113 15.139107005986 15.139459005986 15.386621732763 15.388317732763 15.388509747827 15.388861747827 15.480225137761 15.481921137761 15.482113154787 15.482465154787 15.84663374409 15.84663374409 15.84663374409 15.84663374409 15.84682574409 15.84682574409 15.84852174409 15.84852174409 15.84852174409 15.84852174409 15.84852174409 15.848713794896 15.848713794896 15.849065794896 15.85249978062 15.85419578062 15.854387785036 15.854739785036 16.057673027937 16.059369027937 16.059561028022 16.059913028022 16.138178967113 16.139874967113 16.140066967802 16.140418967802 16.385661732763 16.387357732763 16.387549747827 16.387901747827 16.480225137761 16.481921137761 16.482113154787 16.482465154787 16.84471374409 16.84471374409 16.84471374409 16.84471374409 16.84490574409 16.84490574409 16.84660174409 16.84660174409 16.84660174409 16.84660174409 16.84660174409 16.846793794896 16.846793794896 16.847145794896 16.84981178062 16.85150778062 16.851699785036 16.852051785036 17.058313027937 17.060009027937 17.060201028022 17.060553028022 17.137858967113 17.139554967113 17.139746967802 17.140098967802 17.385661732763 17.387357732763 17.387549747827 17.387901747827 17.480225137761 17.481921137761 17.482113154787 17.482465154787 17.84503374409 17.84503374409 17.84503374409 17.84503374409 17.84522574409 17.84522574409 17.84692174409 17.84692174409 17.84692174409 17.84692174409 17.84692174409 17.847113794896 17.847113794896 17.847465794896 17.84949178062 17.85118778062 17.851379785036 17.851731785036 18.058953027937 18.060649027937 18.060841028022 18.061193028022 18.137858967113 18.139554967113 18.139746979744 18.140098979744 18.386941732763 18.388637732763 18.388829747827 18.389181747827 18.477985137761 18.479681137761 18.479873154787 18.480225154787 18.84439374409 18.84439374409 18.84439374409 18.84439374409 18.84458574409 18.84458574409 18.84628174409 18.84628174409 18.84628174409 18.84628174409 18.84628174409 18.846473794896 18.846473794896 18.846825794896 18.84821178062 18.84990778062 18.850099785036 18.850451785036 19.057993027937 19.059689027937 19.059881028022 19.060233028022 19.137858967113 19.139554967113 19.139746990119 19.140098990119 19.386941732763 19.388637732763 19.388829747827 19.389181747827 19.478625137761 19.480321137761 19.480513154787 19.480865154787 19.84535374409 19.84535374409 19.84535374409 19.84535374409 19.84554574409 19.84554574409 19.84724174409 19.84724174409 19.84724174409 19.84724174409 19.84724174409 19.847433794896 19.847433794896 19.847785794896 19.84981178062 19.85150778062 19.851699785036 19.852051785036","0 0 0 5e-06 0 0.05 5e-06 0.05 5e-06 0.05 5e-06 0.05 5e-06 0.05 5e-06 0.05 5e-06 0 0 0.005 0.005 0 0.075 0.005 0 5e-06 5e-06 5e-06 0 0.05 5e-06 0.05 5e-06 0.05 5e-06 0.05 5e-06 0.05 5e-06 0.05 5e-06 0.05 5e-06 0.05 5e-06 0.05 5e-06 0.05 5e-06 0.05 5e-06 0 0 0.005 0.005 0 0.075 0.005 0 5e-06 5e-06 5e-06 0 0.05 5e-06 0.05 5e-06 0.05 5e-06 0.05 5e-06 0.05 5e-06 0.05 5e-06 0.05 5e-06 0.05 5e-06 0.05 5e-06 0.05 5e-06 0.05 5e-06 0 0 0.005 0.005 0 0.075 0.005 0 5e-06 5e-06 5e-06 0 0.05 5e-06 0.05 5e-06 0.05 5e-06 0.05 5e-06 0.05 5e-06 0.05 5e-06 0.05 5e-06 0.05 5e-06 0.05 5e-06 0.05 5e-06 0.05 5e-06 0 0 0.005 0.005 0 0.075 0.005 0 5e-06 5e-06 5e-06 0 0.05 5e-06 0.05 5e-06 0.05 5e-06 0.05 5e-06 0.05 5e-06 0.05 5e-06 0.05 5e-06 0.05 5e-06 0.05 5e-06 0.05 5e-06 0.05 5e-06 0 0 0.005 0.005 0 0.075 0.005 0 5e-06 5e-06 5e-06 0 0.05 5e-06 0.05 5e-06 0.05 5e-06 0.05 5e-06 0.05 5e-06 0.05 5e-06 0.05 5e-06 0.05 5e-06 0.05 5e-06 0.05 5e-06 0.05 5e-06 0 0 0.005 0.005 0 0.075 0.005 0 5e-06 5e-06 5e-06 0 0.05 5e-06 0.05 5e-06 0.05 5e-06 0.05 5e-06 0.05 5e-06 0.05 5e-06 0.05 5e-06 0.05 5e-06 0.05 5e-06 0.05 5e-06 0.05 5e-06 0 0 0.005 0.005 0 0.075 0.005 0 5e-06 5e-06 5e-06 0 0.05 5e-06 0.05 5e-06 0.05 5e-06 0.05 5e-06 0.05 5e-06 0.05 5e-06 0.05 5e-06 0.05 5e-06 0.05 5e-06 0.05 5e-06 0.05 5e-06 0 0 0.005 0.005 0 0.075 0.005 0 5e-06 5e-06 5e-06 0 0.05 0.0001 5e-06 5e-06 0 0.05 5e-06 0.05 5e-06 0.05 5e-06 0.05 5e-06 0.05 5e-06 0.05 5e-06 0.05 5e-06 0.05 5e-06 0.05 5e-06 0.05 5e-06 0 0 0.005 0.005 0 0.075 0.005 0 5e-06 5e-06 5e-06 0 0.05 5e-06 0.05 5e-06 0.05 5e-06 0.05 5e-06 0.05 5e-06 0.05 5e-06 0.05 5e-06 0.05 5e-06 0.05 5e-06 0.05 5e-06 0.05 5e-06 0 0 0.005 0.005 0 0.075 0.005 0 5e-06 5e-06 5e-06 0 0.05 5e-06 0.05 5e-06 0.05 5e-06 0.05 5e-06 0.05 5e-06 0.05 5e-06 0.05 5e-06 0.05 5e-06 0.05 5e-06 0.05 5e-06 0.05 5e-06 0 0 0.005 0.005 0 0.075 0.005 0 5e-06 5e-06 5e-06 0 0.05 5e-06 0.05 5e-06 0.05 5e-06 0.05 5e-06 0.05 5e-06 0.05 5e-06 0.05 5e-06 0.05 5e-06 0.05 5e-06 0.05 5e-06 0.05 5e-06 0 0 0.005 0.005 0 0.075 0.005 0 5e-06 5e-06 5e-06 0 0.05 5e-06 0.05 5e-06 0.05 5e-06 0.05 5e-06 0.05 5e-06 0.05 5e-06 0.05 5e-06 0.05 5e-06 0.05 5e-06 0.05 5e-06 0.05 5e-06 0 0 0.005 0.005 0 0.075 0.005 0 5e-06 5e-06 5e-06 0 0.05 0.0001 5e-06 5e-06 0 0.05 5e-06 0.05 5e-06 0.05 5e-06 0.05 5e-06 0.05 5e-06 0.05 5e-06 0.05 5e-06 0.05 5e-06 0.05 5e-06 0.05 5e-06 0 0 0.005 0.005 0 0.075 0.005 0 5e-06 5e-06 5e-06 0 0.05 5e-06 0.05 5e-06 0.05 5e-06 0.05 5e-06 0.05 5e-06 0.05 5e-06 0.05 5e-06 0.05 5e-06 0.05 5e-06 0.05 5e-06 0.05 5e-06 0 0 0.005 0.005 0 0.075 0.005 0 5e-06 5e-06 5e-06 0 0.05 5e-06 0.05 5e-06 0.05 5e-06 0.05 5e-06 0.05 5e-06 0.05 5e-06 0.05 5e-06 0.05 5e-06 0.05 5e-06 0.05 5e-06 0.05 5e-06 0 0 0.005 0.005 0 0.075 0.005 0 5e-06 5e-06 5e-06 0 0.05 5e-06 0.05 5e-06 0.05 5e-06 0.05 5e-06 0.05 5e-06 0.05 5e-06 0.05 5e-06 0.05 5e-06 0.05 5e-06 0.05 5e-06 0.05 5e-06 0 0 0.005 0.005 0 0.075 0.005 0 5e-06 5e-06 5e-06 0 0.05 5e-06 0.05 5e-06 0.05 5e-06 0.05 5e-06 0.05 5e-06 0.05 5e-06 0.05 5e-06 0.05 5e-06 0.05 5e-06 0.05 5e-06 0.05 5e-06 0 0 0.005 0.005 0 0.075 0.005 0 5e-06 5e-06 5e-06 0 0.05 5e-06 0.05 5e-06 0.05 5e-06 0.05 5e-06 0.05 5e-06 0.05 5e-06 0.05 5e-06 0.05 5e-06 0.05 5e-06 0.05 5e-06 0.05 5e-06 0 0 0.005 0.005 0 0.075 0.005 0 5e-06 5e-06 5e-06 0 0.05 5e-06 0.05 5e-06 0.05 5e-06 0.05 5e-06 0.05 5e-06 0.05 5e-06 0.05 5e-06 0.05 5e-06 0.05 5e-06 0.05 5e-06 0.05 5e-06 0 0 0.005 0.005 0 0.075 0.005 0 5e-06 5e-06 5e-06 0 0.05 5e-06 0.05 5e-06 0.05 5e-06"
Ieee802154Power-0-20260923-22:08:54-1429,attr,Ieee802154Showcase.sensor1.wlan[0].radio.energyConsumer,powerConsumption:vector,interpolationmode,sample-hold,,
Ieee802154Power-0-20260923-22:08:54-1429,attr,Ieee802154Showcase.sensor1.wlan[0].radio.energyConsumer,powerConsumption:vector,recordingmode,vector,,
Ieee802154Power-0-20260923-22:08:54-1429,attr,Ieee802154Showcase.sensor1.wlan[0].radio.energyConsumer,powerConsumption:vector,source,powerConsumptionChanged,,
Ieee802154Power-0-20260923-22:08:54-1429,attr,Ieee802154Showcase.sensor1.wlan[0].radio.energyConsumer,powerConsumption:vector,title,Power consumption,,
Ieee802154Power-0-20260923-22:08:54-1429,attr,Ieee802154Showcase.sensor1.wlan[0].radio.energyConsumer,powerConsumption:vector,unit,W,,
Ieee802154Power-0-20260923-22:08:54-1429,vector,Ieee802154Showcase.sensor2.wlan[0].radio.energyConsumer,powerConsumption:vector,,,"0 0 0 0 0.059272999313 0.059272999313 0.060968999313 0.061161024995 0.061513024995 0.385021727851 0.386717727851 0.3869097448 0.3872617448 0.478305151017 0.480001151017 0.48019315176 0.48054515176 0.844585787453 0.846281787453 0.846473791869 0.846825791869 0.848019737257 0.848019737257 0.848019737257 0.848019737257 0.848211737257 0.848211737257 0.849907737257 0.849907737257 0.849907737257 0.849907737257 0.849907737257 0.850099782009 0.850099782009 0.850451782009 1.059272999313 1.060968999313 1.061161024995 1.061513024995 1.138178964086 1.139874964086 1.140067008254 1.140419008254 1.385341727851 1.387037727851 1.3872297448 1.3875817448 1.479265151017 1.480961151017 1.48115315176 1.48150515176 1.844585787453 1.846281787453 1.846473791869 1.846825791869 1.848659737257 1.848659737257 1.848659737257 1.848659737257 1.848851737257 1.848851737257 1.850547737257 1.850547737257 1.850547737257 1.850547737257 1.850547737257 1.850739782009 1.850739782009 1.851091782009 2.058632999313 2.060328999313 2.060521024995 2.060873024995 2.136258964086 2.137954964086 2.138146977199 2.138498977199 2.385021727851 2.386717727851 2.3869097448 2.3872617448 2.479265151017 2.480961151017 2.48115315176 2.48150515176 2.845225787453 2.846921787453 2.847113791869 2.847465791869 2.849619737257 2.849619737257 2.849619737257 2.849619737257 2.849811737257 2.849811737257 2.851507737257 2.851507737257 2.851507737257 2.851507737257 2.851507737257 2.851699782009 2.851699782009 2.852051782009 3.057352999313 3.059048999313 3.059241024995 3.059593024995 3.138498964086 3.140194964086 3.140386964534 3.140738964534 3.385021727851 3.386717727851 3.3869097448 3.3872617448 3.479905151017 3.481601151017 3.48179315176 3.48214515176 3.845545787453 3.847241787453 3.847433791869 3.847785791869 3.848019737257 3.848019737257 3.848019737257 3.848019737257 3.848211737257 3.848211737257 3.849907737257 3.849907737257 3.849907737257 3.849907737257 3.849907737257 3.850099782009 3.850099782009 3.850451782009 4.057032999313 4.058728999313 4.058921024995 4.059273024995 4.137218964086 4.138914964086 4.139106977199 4.139458977199 4.385981727851 4.387677727851 4.3878697448 4.3882217448 4.478625151017 4.480321151017 4.48051315176 4.48086515176 4.845545787453 4.847241787453 4.847433791869 4.847785791869 4.849299737257 4.849299737257 4.849299737257 4.849299737257 4.849491737257 4.849491737257 4.851187737257 4.851187737257 4.851187737257 4.851187737257 4.851187737257 4.851379782009 4.851379782009 4.851731782009 5.059272999313 5.060968999313 5.061161024995 5.061513024995 5.137538964086 5.139234964086 5.139427004383 5.139779004383 5.385981727851 5.387677727851 5.3878697448 5.3882217448 5.479265151017 5.480961151017 5.48115315176 5.48150515176 5.846505787453 5.848201787453 5.848393791869 5.848745791869 5.849747737257 5.849747737257 5.849747737257 5.849747737257 5.849939737257 5.849939737257 5.851635737257 5.851635737257 5.851635737257 5.851635737257 5.851635737257 5.851827782009 5.851827782009 5.852179782009 6.059272999313 6.060968999313 6.061161024995 6.061513024995 6.137858964086 6.139554964086 6.139747004383 6.140099004383 6.386301727851 6.387997727851 6.3881897448 6.3885417448 6.478305151017 6.480001151017 6.48019315176 6.48054515176 6.844905787453 6.846601787453 6.846793791869 6.847145791869 6.847379737257 6.847379737257 6.847379737257 6.847379737257 6.847571737257 6.847571737257 6.849267737257 6.849267737257 6.849267737257 6.849267737257 6.849267737257 6.849459782009 6.849459782009 6.849811782009 7.058632999313 7.060328999313 7.060521024995 7.060873024995 7.136258964086 7.137954964086 7.138146977199 7.138498977199 7.385341727851 7.387037727851 7.3872297448 7.3875817448 7.478625151017 7.480321151017 7.48051315176 7.48086515176 7.846185787453 7.847881787453 7.848019737257 7.848019737257 7.848019737257 7.848019737257 7.848211737257 7.848211737257 7.849907737257 7.849907737257 7.849907737257 7.849907737257 7.849907737257 7.850595737257 7.850595737257 7.850595737257 7.850787737257 7.850787737257 7.852483737257 7.852483737257 7.852483737257 7.852483737257 7.852483737257 7.852675782009 7.852675782009 7.853027782009 8.057672999313 8.059368999313 8.059561024995 8.059913024995 8.136898964086 8.138594964086 8.138787008254 8.139139008254 8.386941727851 8.388637727851 8.3888297448 8.3891817448 8.478625151017 8.480321151017 8.48051315176 8.48086515176 8.845225787453 8.846921787453 8.847113791869 8.847465791869 8.848339737257 8.848339737257 8.848339737257 8.848339737257 8.848531737257 8.848531737257 8.850227737257 8.850227737257 8.850227737257 8.850227737257 8.850227737257 8.850419782009 8.850419782009 8.850771782009 9.057992999313 9.059688999313 9.059881024995 9.060233024995 9.136898964086 9.138594964086 9.138787008254 9.139139008254 9.385661727851 9.387357727851 9.3875497448 9.3879017448 9.478305151017 9.480001151017 9.48019315176 9.48054515176 9.845545787453 9.847241787453 9.847433791869 9.847785791869 9.851027737257 9.851027737257 9.851027737257 9.851027737257 9.851219737257 9.851219737257 9.852915737257 9.852915737257 9.852915737257 9.852915737257 9.852915737257 9.853107782009 9.853107782009 9.853459782009 10.058312999313 10.060008999313 10.060201024995 10.060553024995 10.138178964086 10.139874964086 10.140066995829 10.140418995829 10.384701727851 10.386397727851 10.3865897448 10.3869417448 10.478625151017 10.480321151017 10.48051315176 10.48086515176 10.844585787453 10.846281787453 10.846473791869 10.846825791869 10.849299737257 10.849299737257 10.849299737257 10.849299737257 10.849491737257 10.849491737257 10.851187737257 10.851187737257 10.851187737257 10.851187737257 10.851187737257 10.851379782009 10.851379782009 10.851731782009 11.058952999313 11.060648999313 11.060841024995 11.061193024995 11.138178964086 11.139874964086 11.140067008254 11.140419008254 11.385661727851 11.387357727851 11.3875497448 11.3879017448 11.479265151017 11.480961151017 11.48115315176 11.48150515176 11.846185787453 11.847881787453 11.848073791869 11.848425791869 11.851667737257 11.851667737257 11.851667737257 11.851667737257 11.851859737257 11.851859737257 11.853555737257 11.853555737257 11.853555737257 11.853555737257 11.853555737257 11.853747782009 11.853747782009 11.854099782009 12.057992999313 12.059688999313 12.059881024995 12.060233024995 12.136898964086 12.138594964086 12.138786977199 12.139138977199 12.386301727851 12.387997727851 12.3881897448 12.3885417448 12.477985151017 12.479681151017 12.47987315176 12.48022515176 12.845545787453 12.847241787453 12.847379737257 12.847379737257 12.847379737257 12.847379737257 12.847571737257 12.847571737257 12.849267737257 12.849267737257 12.849267737257 12.849267737257 12.849267737257 12.851875737257 12.851875737257 12.851875737257 12.852067737257 12.852067737257 12.853763737257 12.853763737257 12.853763737257 12.853763737257 12.853763737257 12.853955782009 12.853955782009 12.854307782009 13.058312999313 13.060008999313 13.060201024995 13.060553024995 13.137858964086 13.139554964086 13.139747008254 13.140099008254 13.385981727851 13.387677727851 13.3878697448 13.3882217448 13.479585151017 13.481281151017 13.48147315176 13.48182515176 13.846185787453 13.847881787453 13.848073791869 13.848425791869 13.855315737257 13.855315737257 13.855315737257 13.855315737257 13.855507737257 13.855507737257 13.857203737257 13.857203737257 13.857203737257 13.857203737257 13.857203737257 13.857395782009 13.857395782009 13.857747782009 14.058632999313 14.060328999313 14.060521024995 14.060873024995 14.136578964086 14.138274964086 14.138466977199 14.138818977199 14.385981727851 14.387677727851 14.3878697448 14.3882217448 14.479905151017 14.481601151017 14.48179315176 14.48214515176 14.846185787453 14.847881787453 14.848073791869 14.848425791869 14.850387737257 14.850387737257 14.850387737257 14.850387737257 14.850579737257 14.850579737257 14.852275737257 14.852275737257 14.852275737257 14.852275737257 14.852275737257 14.852467782009 14.852467782009 14.852819782009 15.058312999313 15.060008999313 15.060201024995 15.060553024995 15.137218964086 15.138914964086 15.139107008254 15.139459008254 15.386621727851 15.388317727851 15.3885097448 15.3888617448 15.480225151017 15.481921151017 15.48211315176 15.48246515176 15.846825787453 15.848521787453 15.848713791869 15.849065791869 15.852307737257 15.852307737257 15.852307737257 15.852307737257 15.852499737257 15.852499737257 15.854195737257 15.854195737257 15.854195737257 15.854195737257 15.854195737257 15.854387782009 15.854387782009 15.854739782009 16.057672999313 16.059368999313 16.059561024995 16.059913024995 16.138178964086 16.139874964086 16.140066999411 16.140418999411 16.385661727851 16.387357727851 16.3875497448 16.3879017448 16.480225151017 16.481921151017 16.48211315176 16.48246515176 16.844905787453 16.846601787453 16.846793791869 16.847145791869 16.849619737257 16.849619737257 16.849619737257 16.849619737257 16.849811737257 16.849811737257 16.851507737257 16.851507737257 16.851507737257 16.851507737257 16.851507737257 16.851699782009 16.851699782009 16.852051782009 17.058312999313 17.060008999313 17.060201024995 17.060553024995 17.137858964086 17.139554964086 17.139746999411 17.140098999411 17.385661727851 17.387357727851 17.3875497448 17.3879017448 17.480225151017 17.481921151017 17.48211315176 17.48246515176 17.845225787453 17.846921787453 17.847113791869 17.847465791869 17.849299737257 17.849299737257 17.849299737257 17.849299737257 17.849491737257 17.849491737257 17.851187737257 17.851187737257 17.851187737257 17.851187737257 17.851187737257 17.851379782009 17.851379782009 17.851731782009 18.058952999313 18.060648999313 18.060841024995 18.061193024995 18.137858964086 18.139554964086 18.139746977199 18.140098977199 18.386941727851 18.388637727851 18.3888297448 18.3891817448 18.477985151017 18.479681151017 18.47987315176 18.48022515176 18.844585787453 18.846281787453 18.846473791869 18.846825791869 18.848019737257 18.848019737257 18.848019737257 18.848019737257 18.848211737257 18.848211737257 18.849907737257 18.849907737257 18.849907737257 18.849907737257 18.849907737257 18.850099782009 18.850099782009 18.850451782009 19.057992999313 19.059688999313 19.059881024995 19.060233024995 19.137858964086 19.139554964086 19.139746975249 19.140098975249 19.386941727851 19.388637727851 19.3888297448 19.3891817448 19.478625151017 19.480321151017 19.48051315176 19.48086515176 19.845545787453 19.847241787453 19.847433791869 19.847785791869 19.849619737257 19.849619737257 19.849619737257 19.849619737257 19.849811737257 19.849811737257 19.851507737257 19.851507737257 19.851507737257 19.851507737257 19.851507737257 19.851699782009 19.851699782009 19.852051782009","0 0 0 5e-06 0 0.05 5e-06 0.05 5e-06 0.05 5e-06 0.05 5e-06 0.05 5e-06 0.05 5e-06 0.05 5e-06 0.05 5e-06 0 0 0.005 0.005 0 0.075 0.005 0 5e-06 5e-06 5e-06 0 0.05 5e-06 0.05 5e-06 0.05 5e-06 0.05 5e-06 0.05 5e-06 0.05 5e-06 0.05 5e-06 0.05 5e-06 0.05 5e-06 0.05 5e-06 0.05 5e-06 0 0 0.005 0.005 0 0.075 0.005 0 5e-06 5e-06 5e-06 0 0.05 5e-06 0.05 5e-06 0.05 5e-06 0.05 5e-06 0.05 5e-06 0.05 5e-06 0.05 5e-06 0.05 5e-06 0.05 5e-06 0.05 5e-06 0.05 5e-06 0 0 0.005 0.005 0 0.075 0.005 0 5e-06 5e-06 5e-06 0 0.05 5e-06 0.05 5e-06 0.05 5e-06 0.05 5e-06 0.05 5e-06 0.05 5e-06 0.05 5e-06 0.05 5e-06 0.05 5e-06 0.05 5e-06 0.05 5e-06 0 0 0.005 0.005 0 0.075 0.005 0 5e-06 5e-06 5e-06 0 0.05 5e-06 0.05 5e-06 0.05 5e-06 0.05 5e-06 0.05 5e-06 0.05 5e-06 0.05 5e-06 0.05 5e-06 0.05 5e-06 0.05 5e-06 0.05 5e-06 0 0 0.005 0.005 0 0.075 0.005 0 5e-06 5e-06 5e-06 0 0.05 5e-06 0.05 5e-06 0.05 5e-06 0.05 5e-06 0.05 5e-06 0.05 5e-06 0.05 5e-06 0.05 5e-06 0.05 5e-06 0.05 5e-06 0.05 5e-06 0 0 0.005 0.005 0 0.075 0.005 0 5e-06 5e-06 5e-06 0 0.05 5e-06 0.05 5e-06 0.05 5e-06 0.05 5e-06 0.05 5e-06 0.05 5e-06 0.05 5e-06 0.05 5e-06 0.05 5e-06 0.05 5e-06 0.05 5e-06 0 0 0.005 0.005 0 0.075 0.005 0 5e-06 5e-06 5e-06 0 0.05 5e-06 0.05 5e-06 0.05 5e-06 0.05 5e-06 0.05 5e-06 0.05 5e-06 0.05 5e-06 0.05 5e-06 0.05 5e-06 0.05 5e-06 0 0 0.005 0.005 0 0.075 0.005 0 5e-06 5e-06 5e-06 0 0 0.005 0 0.075 0.005 0 5e-06 5e-06 5e-06 0 0.05 5e-06 0.05 5e-06 0.05 5e-06 0.05 5e-06 0.05 5e-06 0.05 5e-06 0.05 5e-06 0.05 5e-06 0.05 5e-06 0.05 5e-06 0.05 5e-06 0 0 0.005 0.005 0 0.075 0.005 0 5e-06 5e-06 5e-06 0 0.05 5e-06 0.05 5e-06 0.05 5e-06 0.05 5e-06 0.05 5e-06 0.05 5e-06 0.05 5e-06 0.05 5e-06 0.05 5e-06 0.05 5e-06 0.05 5e-06 0 0 0.005 0.005 0 0.075 0.005 0 5e-06 5e-06 5e-06 0 0.05 5e-06 0.05 5e-06 0.05 5e-06 0.05 5e-06 0.05 5e-06 0.05 5e-06 0.05 5e-06 0.05 5e-06 0.05 5e-06 0.05 5e-06 0.05 5e-06 0 0 0.005 0.005 0 0.075 0.005 0 5e-06 5e-06 5e-06 0 0.05 5e-06 0.05 5e-06 0.05 5e-06 0.05 5e-06 0.05 5e-06 0.05 5e-06 0.05 5e-06 0.05 5e-06 0.05 5e-06 0.05 5e-06 0.05 5e-06 0 0 0.005 0.005 0 0.075 0.005 0 5e-06 5e-06 5e-06 0 0.05 5e-06 0.05 5e-06 0.05 5e-06 0.05 5e-06 0.05 5e-06 0.05 5e-06 0.05 5e-06 0.05 5e-06 0.05 5e-06 0.05 5e-06 0 0 0.005 0.005 0 0.075 0.005 0 5e-06 5e-06 5e-06 0 0 0.005 0 0.075 0.005 0 5e-06 5e-06 5e-06 0 0.05 5e-06 0.05 5e-06 0.05 5e-06 0.05 5e-06 0.05 5e-06 0.05 5e-06 0.05 5e-06 0.05 5e-06 0.05 5e-06 0.05 5e-06 0.05 5e-06 0 0 0.005 0.005 0 0.075 0.005 0 5e-06 5e-06 5e-06 0 0.05 5e-06 0.05 5e-06 0.05 5e-06 0.05 5e-06 0.05 5e-06 0.05 5e-06 0.05 5e-06 0.05 5e-06 0.05 5e-06 0.05 5e-06 0.05 5e-06 0 0 0.005 0.005 0 0.075 0.005 0 5e-06 5e-06 5e-06 0 0.05 5e-06 0.05 5e-06 0.05 5e-06 0.05 5e-06 0.05 5e-06 0.05 5e-06 0.05 5e-06 0.05 5e-06 0.05 5e-06 0.05 5e-06 0.05 5e-06 0 0 0.005 0.005 0 0.075 0.005 0 5e-06 5e-06 5e-06 0 0.05 5e-06 0.05 5e-06 0.05 5e-06 0.05 5e-06 0.05 5e-06 0.05 5e-06 0.05 5e-06 0.05 5e-06 0.05 5e-06 0.05 5e-06 0.05 5e-06 0 0 0.005 0.005 0 0.075 0.005 0 5e-06 5e-06 5e-06 0 0.05 5e-06 0.05 5e-06 0.05 5e-06 0.05 5e-06 0.05 5e-06 0.05 5e-06 0.05 5e-06 0.05 5e-06 0.05 5e-06 0.05 5e-06 0.05 5e-06 0 0 0.005 0.005 0 0.075 0.005 0 5e-06 5e-06 5e-06 0 0.05 5e-06 0.05 5e-06 0.05 5e-06 0.05 5e-06 0.05 5e-06 0.05 5e-06 0.05 5e-06 0.05 5e-06 0.05 5e-06 0.05 5e-06 0.05 5e-06 0 0 0.005 0.005 0 0.075 0.005 0 5e-06 5e-06 5e-06 0 0.05 5e-06 0.05 5e-06 0.05 5e-06 0.05 5e-06 0.05 5e-06 0.05 5e-06 0.05 5e-06 0.05 5e-06 0.05 5e-06 0.05 5e-06 0.05 5e-06 0 0 0.005 0.005 0 0.075 0.005 0 5e-06 5e-06 5e-06 0 0.05 5e-06"
Ieee802154Power-0-20260923-22:08:54-1429,attr,Ieee802154Showcase.sensor2.wlan[0].radio.energyConsumer,powerConsumption:vector,interpolationmode,sample-hold,,
Ieee802154Power-0-20260923-22:08:54-1429,attr,Ieee802154Showcase.sensor2.wlan[0].radio.energyConsumer,powerConsumption:vector,recordingmode,vector,,
Ieee802154Power-0-20260923-22:08:54-1429,attr,Ieee802154Showcase.sensor2.wlan[0].radio.energyConsumer,powerConsumption:vector,source,powerConsumptionChanged,,
Ieee802154Power-0-20260923-22:08:54-1429,attr,Ieee802154Showcase.sensor2.wlan[0].radio.energyConsumer,powerConsumption:vector,title,Power consumption,,
Ieee802154Power-0-20260923-22:08:54-1429,attr,Ieee802154Showcase.sensor2.wlan[0].radio.energyConsumer,powerConsumption:vector,unit,W,,
Ieee802154Power-0-20260923-22:08:54-1429,vector,Ieee802154Showcase.sensor3.wlan[0].radio.energyConsumer,powerConsumption:vector,,,"0 0 0 0 0.059273011282 0.059273011282 0.060969011282 0.06116101682 0.06151301682 0.384829708223 0.384829708223 0.384829708223 0.384829708223 0.385021708223 0.385021708223 0.386717708223 0.386717708223 0.386717708223 0.386717708223 0.386717708223 0.386909736625 0.386909736625 0.387261736625 0.478305141884 0.480001141884 0.480193143585 0.480545143585 0.84458576863 0.84628176863 0.846473783694 0.846825783694 0.848211756885 0.849907756885 0.850099773834 0.850451773834 1.059273011282 1.060969011282 1.06116101682 1.06151301682 1.138178955911 1.139874955911 1.140066994861 1.140418994861 1.385149708223 1.385149708223 1.385149708223 1.385149708223 1.385341708223 1.385341708223 1.387037708223 1.387037708223 1.387037708223 1.387037708223 1.387037708223 1.387229736625 1.387229736625 1.387581736625 1.479265141884 1.480961141884 1.481153143585 1.481505143585 1.84458576863 1.84628176863 1.846473783694 1.846825783694 1.848851756885 1.850547756885 1.850739773834 1.851091773834 2.058633011282 2.060329011282 2.06052101682 2.06087301682 2.136258955911 2.137954955911 2.13814697258 2.13849897258 2.384829708223 2.384829708223 2.384829708223 2.384829708223 2.385021708223 2.385021708223 2.386717708223 2.386717708223 2.386717708223 2.386717708223 2.386717708223 2.386909736625 2.386909736625 2.387261736625 2.479265141884 2.480961141884 2.481153143585 2.481505143585 2.84522576863 2.84692176863 2.847113783694 2.847465783694 2.849811756885 2.851507756885 2.851699773834 2.852051773834 3.057353011282 3.059049011282 3.05924101682 3.05959301682 3.138498955911 3.140194955911 3.140386965561 3.140738965561 3.384829708223 3.384829708223 3.384829708223 3.384829708223 3.385021708223 3.385021708223 3.386717708223 3.386717708223 3.386717708223 3.386717708223 3.386717708223 3.386909736625 3.386909736625 3.387261736625 3.479905141884 3.481601141884 3.481793143585 3.482145143585 3.84554576863 3.84724176863 3.847433783694 3.847785783694 3.848211756885 3.849907756885 3.850099773834 3.850451773834 4.057033011282 4.058729011282 4.05892101682 4.05927301682 4.137218955911 4.138914955911 4.13910697258 4.13945897258 4.385789708223 4.385789708223 4.385789708223 4.385789708223 4.385981708223 4.385981708223 4.387677708223 4.387677708223 4.387677708223 4.387677708223 4.387677708223 4.387869736625 4.387869736625 4.388221736625 4.478625141884 4.480321141884 4.480513143585 4.480865143585 4.84554576863 4.84724176863 4.847433783694 4.847785783694 4.849491756885 4.851187756885 4.851379773834 4.851731773834 5.059273011282 5.060969011282 5.06116101682 5.06151301682 5.137538955911 5.139234955911 5.139426991439 5.139778991439 5.385789708223 5.385789708223 5.385789708223 5.385789708223 5.385981708223 5.385981708223 5.387677708223 5.387677708223 5.387677708223 5.387677708223 5.387677708223 5.387869736625 5.387869736625 5.388221736625 5.479265141884 5.480961141884 5.481153143585 5.481505143585 5.84650576863 5.84820176863 5.848393783694 5.848745783694 5.849939756885 5.851635756885 5.851827773834 5.852179773834 6.059273011282 6.060969011282 6.06116101682 6.06151301682 6.137858955911 6.139554955911 6.139746991439 6.140098991439 6.386109708223 6.386109708223 6.386109708223 6.386109708223 6.386301708223 6.386301708223 6.387997708223 6.387997708223 6.387997708223 6.387997708223 6.387997708223 6.388189736625 6.388189736625 6.388541736625 6.478305141884 6.480001141884 6.480193143585 6.480545143585 6.84490576863 6.84660176863 6.846793783694 6.847145783694 6.847571756885 6.849267756885 6.849459773834 6.849811773834 7.058633011282 7.060329011282 7.06052101682 7.06087301682 7.136258955911 7.137954955911 7.13814697258 7.13849897258 7.385149708223 7.385149708223 7.385149708223 7.385149708223 7.385341708223 7.385341708223 7.387037708223 7.387037708223 7.387037708223 7.387037708223 7.387037708223 7.387229736625 7.387229736625 7.387581736625 7.478625141884 7.480321141884 7.480513143585 7.480865143585 7.84618576863 7.84788176863 7.848073783694 7.848425783694 7.849907756885 7.849907756885 7.850787756885 7.850787756885 7.852483756885 7.852675773834 7.853027773834 8.057673011282 8.059369011282 8.05956101682 8.05991301682 8.136898955911 8.138594955911 8.138786994861 8.139138994861 8.386749708223 8.386749708223 8.386749708223 8.386749708223 8.386941708223 8.386941708223 8.388637708223 8.388637708223 8.388637708223 8.388637708223 8.388637708223 8.388829736625 8.388829736625 8.389181736625 8.478625141884 8.480321141884 8.480513143585 8.480865143585 8.84522576863 8.84692176863 8.847113783694 8.847465783694 8.848531756885 8.850227756885 8.850419773834 8.850771773834 9.057993011282 9.059689011282 9.05988101682 9.06023301682 9.136898955911 9.138594955911 9.138786994861 9.139138994861 9.385469708223 9.385469708223 9.385469708223 9.385469708223 9.385661708223 9.385661708223 9.387357708223 9.387357708223 9.387357708223 9.387357708223 9.387357708223 9.387549736625 9.387549736625 9.387901736625 9.478305141884 9.480001141884 9.480193143585 9.480545143585 9.84554576863 9.84724176863 9.847433783694 9.847785783694 9.851219756885 9.852915756885 9.853107773834 9.853459773834 10.058313011282 10.060009011282 10.06020101682 10.06055301682 10.138178955911 10.139874955911 10.140066977846 10.140418977846 10.384509708223 10.384509708223 10.384509708223 10.384509708223 10.384701708223 10.384701708223 10.386397708223 10.386397708223 10.386397708223 10.386397708223 10.386397708223 10.386589736625 10.386589736625 10.386941736625 10.478625141884 10.480321141884 10.480513143585 10.480865143585 10.84458576863 10.84628176863 10.846473783694 10.846825783694 10.849491756885 10.851187756885 10.851379773834 10.851731773834 11.058953011282 11.060649011282 11.06084101682 11.06119301682 11.138178955911 11.139874955911 11.140066994861 11.140418994861 11.385469708223 11.385469708223 11.385469708223 11.385469708223 11.385661708223 11.385661708223 11.387357708223 11.387357708223 11.387357708223 11.387357708223 11.387357708223 11.387549736625 11.387549736625 11.387901736625 11.479265141884 11.480961141884 11.481153143585 11.481505143585 11.84618576863 11.84788176863 11.848073783694 11.848425783694 11.851859756885 11.853555756885 11.853747773834 11.854099773834 12.057993011282 12.059689011282 12.05988101682 12.06023301682 12.136898955911 12.138594955911 12.13878697258 12.13913897258 12.386109708223 12.386109708223 12.386109708223 12.386109708223 12.386301708223 12.386301708223 12.387997708223 12.387997708223 12.387997708223 12.387997708223 12.387997708223 12.388189736625 12.388189736625 12.388541736625 12.477985141884 12.479681141884 12.479873143585 12.480225143585 12.84554576863 12.84724176863 12.847433783694 12.847785783694 12.849267756885 12.849267756885 12.852067756885 12.852067756885 12.853763756885 12.853955773834 12.854307773834 13.058313011282 13.060009011282 13.06020101682 13.06055301682 13.137858955911 13.139554955911 13.139746994861 13.140098994861 13.385789708223 13.385789708223 13.385789708223 13.385789708223 13.385981708223 13.385981708223 13.387677708223 13.387677708223 13.387677708223 13.387677708223 13.387677708223 13.387869736625 13.387869736625 13.388221736625 13.479585141884 13.481281141884 13.481473143585 13.481825143585 13.84618576863 13.84788176863 13.848073783694 13.848425783694 13.855507756885 13.857203756885 13.857395773834 13.857747773834 14.058633011282 14.060329011282 14.06052101682 14.06087301682 14.136578955911 14.138274955911 14.13846697258 14.13881897258 14.385789708223 14.385789708223 14.385789708223 14.385789708223 14.385981708223 14.385981708223 14.387677708223 14.387677708223 14.387677708223 14.387677708223 14.387677708223 14.387869736625 14.387869736625 14.388221736625 14.479905141884 14.481601141884 14.481793143585 14.482145143585 14.84618576863 14.84788176863 14.848073783694 14.848425783694 14.850579756885 14.852275756885 14.852467773834 14.852819773834 15.058313011282 15.060009011282 15.06020101682 15.06055301682 15.137218955911 15.138914955911 15.139106994861 15.139458994861 15.386429708223 15.386429708223 15.386429708223 15.386429708223 15.386621708223 15.386621708223 15.388317708223 15.388317708223 15.388317708223 15.388317708223 15.388317708223 15.388509736625 15.388509736625 15.388861736625 15.480225141884 15.481921141884 15.482113143585 15.482465143585 15.84682576863 15.84852176863 15.848713783694 15.849065783694 15.852499756885 15.854195756885 15.854387773834 15.854739773834 16.057673011282 16.059369011282 16.05956101682 16.05991301682 16.138178955911 16.139874955911 16.140066981987 16.140418981987 16.385469708223 16.385469708223 16.385469708223 16.385469708223 16.385661708223 16.385661708223 16.387357708223 16.387357708223 16.387357708223 16.387357708223 16.387357708223 16.387549736625 16.387549736625 16.387901736625 16.480225141884 16.481921141884 16.482113143585 16.482465143585 16.84490576863 16.84660176863 16.846793783694 16.847145783694 16.849811756885 16.851507756885 16.851699773834 16.852051773834 17.058313011282 17.060009011282 17.06020101682 17.06055301682 17.137858955911 17.139554955911 17.139746981987 17.140098981987 17.385469708223 17.385469708223 17.385469708223 17.385469708223 17.385661708223 17.385661708223 17.387357708223 17.387357708223 17.387357708223 17.387357708223 17.387357708223 17.387549736625 17.387549736625 17.387901736625 17.480225141884 17.481921141884 17.482113143585 17.482465143585 17.84522576863 17.84692176863 17.847113783694 17.847465783694 17.849491756885 17.851187756885 17.851379773834 17.851731773834 18.058953011282 18.060649011282 18.06084101682 18.06119301682 18.137858955911 18.139554955911 18.13974697258 18.14009897258 18.386749708223 18.386749708223 18.386749708223 18.386749708223 18.386941708223 18.386941708223 18.388637708223 18.388637708223 18.388637708223 18.388637708223 18.388637708223 18.388829736625 18.388829736625 18.389181736625 18.477985141884 18.479681141884 18.479873143585 18.480225143585 18.84458576863 18.84628176863 18.846473783694 18.846825783694 18.848211756885 18.849907756885 18.850099773834 18.850451773834 19.057993011282 19.059689011282 19.05988101682 19.06023301682 19.137858955911 19.139554955911 19.139746977237 19.140098977237 19.386749708223 19.386749708223 19.386749708223 19.386749708223 19.386941708223 19.386941708223 19.388637708223 19.388637708223 19.388637708223 19.388637708223 19.388637708223 19.388829736625 19.388829736625 19.389181736625 19.478625141884 19.480321141884 19.480513143585 19.480865143585 19.84554576863 19.84724176863 19.847433783694 19.847785783694 19.849811756885 19.851507756885 19.851699773834 19.852051773834","0 0 0 5e-06 0 0.05 5e-06 0.05 5e-06 0 0 0.005 0.005 0 0.075 0.005 0 5e-06 5e-06 5e-06 0 0.05 5e-06 0.05 5e-06 0.05 5e-06 0.05 5e-06 0.05 5e-06 0.05 5e-06 0.05 5e-06 0.05 5e-06 0.05 5e-06 0.05 5e-06 0.05 5e-06 0 0 0.005 0.005 0 0.075 0.005 0 5e-06 5e-06 5e-06 0 0.05 5e-06 0.05 5e-06 0.05 5e-06 0.05 5e-06 0.05 5e-06 0.05 5e-06 0.05 5e-06 0.05 5e-06 0.05 5e-06 0.05 5e-06 0.05 5e-06 0 0 0.005 0.005 0 0.075 0.005 0 5e-06 5e-06 5e-06 0 0.05 5e-06 0.05 5e-06 0.05 5e-06 0.05 5e-06 0.05 5e-06 0.05 5e-06 0.05 5e-06 0.05 5e-06 0.05 5e-06 0.05 5e-06 0.05 5e-06 0 0 0.005 0.005 0 0.075 0.005 0 5e-06 5e-06 5e-06 0 0.05 5e-06 0.05 5e-06 0.05 5e-06 0.05 5e-06 0.05 5e-06 0.05 5e-06 0.05 5e-06 0.05 5e-06 0.05 5e-06 0.05 5e-06 0.05 5e-06 0 0 0.005 0.005 0 0.075 0.005 0 5e-06 5e-06 5e-06 0 0.05 5e-06 0.05 5e-06 0.05 5e-06 0.05 5e-06 0.05 5e-06 0.05 5e-06 0.05 5e-06 0.05 5e-06 0.05 5e-06 0.05 5e-06 0.05 5e-06 0 0 0.005 0.005 0 0.075 0.005 0 5e-06 5e-06 5e-06 0 0.05 5e-06 0.05 5e-06 0.05 5e-06 0.05 5e-06 0.05 5e-06 0.05 5e-06 0.05 5e-06 0.05 5e-06 0.05 5e-06 0.05 5e-06 0.05 5e-06 0 0 0.005 0.005 0 0.075 0.005 0 5e-06 5e-06 5e-06 0 0.05 5e-06 0.05 5e-06 0.05 5e-06 0.05 5e-06 0.05 5e-06 0.05 5e-06 0.05 5e-06 0.05 5e-06 0.05 5e-06 0.05 5e-06 0.05 5e-06 0 0 0.005 0.005 0 0.075 0.005 0 5e-06 5e-06 5e-06 0 0.05 5e-06 0.05 5e-06 0.05 5e-06 0.05 5e-06 0.05 0.0001 5e-06 5e-06 0 0.05 5e-06 0.05 5e-06 0.05 5e-06 0.05 5e-06 0.05 5e-06 0.05 5e-06 0 0 0.005 0.005 0 0.075 0.005 0 5e-06 5e-06 5e-06 0 0.05 5e-06 0.05 5e-06 0.05 5e-06 0.05 5e-06 0.05 5e-06 0.05 5e-06 0.05 5e-06 0.05 5e-06 0.05 5e-06 0.05 5e-06 0.05 5e-06 0 0 0.005 0.005 0 0.075 0.005 0 5e-06 5e-06 5e-06 0 0.05 5e-06 0.05 5e-06 0.05 5e-06 0.05 5e-06 0.05 5e-06 0.05 5e-06 0.05 5e-06 0.05 5e-06 0.05 5e-06 0.05 5e-06 0.05 5e-06 0 0 0.005 0.005 0 0.075 0.005 0 5e-06 5e-06 5e-06 0 0.05 5e-06 0.05 5e-06 0.05 5e-06 0.05 5e-06 0.05 5e-06 0.05 5e-06 0.05 5e-06 0.05 5e-06 0.05 5e-06 0.05 5e-06 0.05 5e-06 0 0 0.005 0.005 0 0.075 0.005 0 5e-06 5e-06 5e-06 0 0.05 5e-06 0.05 5e-06 0.05 5e-06 0.05 5e-06 0.05 5e-06 0.05 5e-06 0.05 5e-06 0.05 5e-06 0.05 5e-06 0.05 5e-06 0.05 5e-06 0 0 0.005 0.005 0 0.075 0.005 0 5e-06 5e-06 5e-06 0 0.05 5e-06 0.05 5e-06 0.05 5e-06 0.05 5e-06 0.05 0.0001 5e-06 5e-06 0 0.05 5e-06 0.05 5e-06 0.05 5e-06 0.05 5e-06 0.05 5e-06 0.05 5e-06 0 0 0.005 0.005 0 0.075 0.005 0 5e-06 5e-06 5e-06 0 0.05 5e-06 0.05 5e-06 0.05 5e-06 0.05 5e-06 0.05 5e-06 0.05 5e-06 0.05 5e-06 0.05 5e-06 0.05 5e-06 0.05 5e-06 0.05 5e-06 0 0 0.005 0.005 0 0.075 0.005 0 5e-06 5e-06 5e-06 0 0.05 5e-06 0.05 5e-06 0.05 5e-06 0.05 5e-06 0.05 5e-06 0.05 5e-06 0.05 5e-06 0.05 5e-06 0.05 5e-06 0.05 5e-06 0.05 5e-06 0 0 0.005 0.005 0 0.075 0.005 0 5e-06 5e-06 5e-06 0 0.05 5e-06 0.05 5e-06 0.05 5e-06 0.05 5e-06 0.05 5e-06 0.05 5e-06 0.05 5e-06 0.05 5e-06 0.05 5e-06 0.05 5e-06 0.05 5e-06 0 0 0.005 0.005 0 0.075 0.005 0 5e-06 5e-06 5e-06 0 0.05 5e-06 0.05 5e-06 0.05 5e-06 0.05 5e-06 0.05 5e-06 0.05 5e-06 0.05 5e-06 0.05 5e-06 0.05 5e-06 0.05 5e-06 0.05 5e-06 0 0 0.005 0.005 0 0.075 0.005 0 5e-06 5e-06 5e-06 0 0.05 5e-06 0.05 5e-06 0.05 5e-06 0.05 5e-06 0.05 5e-06 0.05 5e-06 0.05 5e-06 0.05 5e-06 0.05 5e-06 0.05 5e-06 0.05 5e-06 0 0 0.005 0.005 0 0.075 0.005 0 5e-06 5e-06 5e-06 0 0.05 5e-06 0.05 5e-06 0.05 5e-06 0.05 5e-06 0.05 5e-06 0.05 5e-06 0.05 5e-06 0.05 5e-06 0.05 5e-06 0.05 5e-06 0.05 5e-06 0 0 0.005 0.005 0 0.075 0.005 0 5e-06 5e-06 5e-06 0 0.05 5e-06 0.05 5e-06 0.05 5e-06 0.05 5e-06 0.05 5e-06 0.05 5e-06 0.05 5e-06"
Ieee802154Power-0-20260923-22:08:54-1429,attr,Ieee802154Showcase.sensor3.wlan[0].radio.energyConsumer,powerConsumption:vector,interpolationmode,sample-hold,,
Ieee802154Power-0-20260923-22:08:54-1429,attr,Ieee802154Showcase.sensor3.wlan[0].radio.energyConsumer,powerConsumption:vector,recordingmode,vector,,
Ieee802154Power-0-20260923-22:08:54-1429,attr,Ieee802154Showcase.sensor3.wlan[0].radio.energyConsumer,powerConsumption:vector,source,powerConsumptionChanged,,
Ieee802154Power-0-20260923-22:08:54-1429,attr,Ieee802154Showcase.sensor3.wlan[0].radio.energyConsumer,powerConsumption:vector,title,Power consumption,,
Ieee802154Power-0-20260923-22:08:54-1429,attr,Ieee802154Showcase.sensor3.wlan[0].radio.energyConsumer,powerConsumption:vector,unit,W,,
Ieee802154Power-0-20260923-22:08:54-1429,vector,Ieee802154Showcase.sensor4.wlan[0].radio.energyConsumer,powerConsumption:vector,,,"0 0 0 0 0.059080975726 0.059080975726 0.059080975726 0.059272975726 0.059272975726 0.060968975726 0.060968975726 0.060968975726 0.060968975726 0.060968975726 0.061161029512 0.061161029512 0.061513029512 0.385021743779 0.386717743779 0.386909749317 0.387261749317 0.478305146679 0.480001146679 0.480193156277 0.480545156277 0.844585796301 0.846281796301 0.846473796386 0.846825796386 0.848211760844 0.849907760844 0.850099786526 0.850451786526 1.059080975726 1.059080975726 1.059080975726 1.059080975726 1.059272975726 1.059272975726 1.060968975726 1.060968975726 1.060968975726 1.060968975726 1.060968975726 1.061161029512 1.061161029512 1.061513029512 1.138178968603 1.139874968603 1.140067029019 1.140419029019 1.385341743779 1.387037743779 1.387229749317 1.387581749317 1.479265146679 1.480961146679 1.481153156277 1.481505156277 1.844585796301 1.846281796301 1.846473796386 1.846825796386 1.848851760844 1.850547760844 1.850739786526 1.851091786526 2.058440975726 2.058440975726 2.058440975726 2.058440975726 2.058632975726 2.058632975726 2.060328975726 2.060328975726 2.060328975726 2.060328975726 2.060328975726 2.060521029512 2.060521029512 2.060873029512 2.136258968603 2.137954968603 2.138146973929 2.138498973929 2.385021743779 2.386717743779 2.386909749317 2.387261749317 2.479265146679 2.480961146679 2.481153156277 2.481505156277 2.845225796301 2.846921796301 2.847113796386 2.847465796386 2.849811760844 2.851507760844 2.851699786526 2.852051786526 3.057160975726 3.057160975726 3.057160975726 3.057160975726 3.057352975726 3.057352975726 3.059048975726 3.059048975726 3.059048975726 3.059048975726 3.059048975726 3.059241029512 3.059241029512 3.059593029512 3.138498968603 3.140194968603 3.140386978971 3.140738978971 3.385021743779 3.386717743779 3.386909749317 3.387261749317 3.479905146679 3.481601146679 3.481793156277 3.482145156277 3.845545796301 3.847241796301 3.847433796386 3.847785796386 3.848211760844 3.849907760844 3.850099786526 3.850451786526 4.056840975726 4.056840975726 4.056840975726 4.056840975726 4.057032975726 4.057032975726 4.058728975726 4.058728975726 4.058728975726 4.058728975726 4.058728975726 4.058921029512 4.058921029512 4.059273029512 4.137218968603 4.138914968603 4.139106973929 4.139458973929 4.385981743779 4.387677743779 4.387869749317 4.388221749317 4.478625146679 4.480321146679 4.480513156277 4.480865156277 4.845545796301 4.847241796301 4.847433796386 4.847785796386 4.849491760844 4.851187760844 4.851379786526 4.851731786526 5.059080975726 5.059080975726 5.059080975726 5.059080975726 5.059272975726 5.059272975726 5.060968975726 5.060968975726 5.060968975726 5.060968975726 5.060968975726 5.061161029512 5.061161029512 5.061513029512 5.137538968603 5.139234968603 5.139427003857 5.139779003857 5.385981743779 5.387677743779 5.387869749317 5.388221749317 5.479265146679 5.480961146679 5.481153156277 5.481505156277 5.846505796301 5.848201796301 5.848393796386 5.848745796386 5.849939760844 5.851635760844 5.851827786526 5.852179786526 6.059080975726 6.059080975726 6.059080975726 6.059080975726 6.059272975726 6.059272975726 6.060968975726 6.060968975726 6.060968975726 6.060968975726 6.060968975726 6.061161029512 6.061161029512 6.061513029512 6.137858968603 6.139554968603 6.139747003857 6.140099003857 6.386301743779 6.387997743779 6.388189749317 6.388541749317 6.478305146679 6.480001146679 6.480193156277 6.480545156277 6.844905796301 6.846601796301 6.846793796386 6.847145796386 6.847571760844 6.849267760844 6.849459786526 6.849811786526 7.058440975726 7.058440975726 7.058440975726 7.058440975726 7.058632975726 7.058632975726 7.060328975726 7.060328975726 7.060328975726 7.060328975726 7.060328975726 7.060521029512 7.060521029512 7.060873029512 7.136258968603 7.137954968603 7.138146973929 7.138498973929 7.385341743779 7.387037743779 7.387229749317 7.387581749317 7.478625146679 7.480321146679 7.480513156277 7.480865156277 7.846185796301 7.847881796301 7.848073796386 7.848425796386 7.849907760844 7.849907760844 7.850787760844 7.850787760844 7.852483760844 7.852675786526 7.853027786526 8.057480975726 8.057480975726 8.057480975726 8.057480975726 8.057672975726 8.057672975726 8.059368975726 8.059368975726 8.059368975726 8.059368975726 8.059368975726 8.059561029512 8.059561029512 8.059913029512 8.136898968603 8.138594968603 8.138787029019 8.139139029019 8.386941743779 8.388637743779 8.388829749317 8.389181749317 8.478625146679 8.480321146679 8.480513156277 8.480865156277 8.845225796301 8.846921796301 8.847113796386 8.847465796386 8.848531760844 8.850227760844 8.850419786526 8.850771786526 9.057800975726 9.057800975726 9.057800975726 9.057800975726 9.057992975726 9.057992975726 9.059688975726 9.059688975726 9.059688975726 9.059688975726 9.059688975726 9.059881029512 9.059881029512 9.060233029512 9.136898968603 9.138594968603 9.138787029019 9.139139029019 9.385661743779 9.387357743779 9.387549749317 9.387901749317 9.478305146679 9.480001146679 9.480193156277 9.480545156277 9.845545796301 9.847241796301 9.847433796386 9.847785796386 9.851219760844 9.852915760844 9.853107786526 9.853459786526 10.058120975726 10.058120975726 10.058120975726 10.058120975726 10.058312975726 10.058312975726 10.060008975726 10.060008975726 10.060008975726 10.060008975726 10.060008975726 10.060201029512 10.060201029512 10.060553029512 10.138178968603 10.139874968603 10.140067013402 10.140419013402 10.384701743779 10.386397743779 10.386589749317 10.386941749317 10.478625146679 10.480321146679 10.480513156277 10.480865156277 10.844585796301 10.846281796301 10.846473796386 10.846825796386 10.849491760844 10.851187760844 10.851379786526 10.851731786526 11.058760975726 11.058760975726 11.058760975726 11.058760975726 11.058952975726 11.058952975726 11.060648975726 11.060648975726 11.060648975726 11.060648975726 11.060648975726 11.060841029512 11.060841029512 11.061193029512 11.138178968603 11.139874968603 11.140067029019 11.140419029019 11.385661743779 11.387357743779 11.387549749317 11.387901749317 11.479265146679 11.480961146679 11.481153156277 11.481505156277 11.846185796301 11.847881796301 11.848073796386 11.848425796386 11.851859760844 11.853555760844 11.853747786526 11.854099786526 12.057800975726 12.057800975726 12.057800975726 12.057800975726 12.057992975726 12.057992975726 12.059688975726 12.059688975726 12.059688975726 12.059688975726 12.059688975726 12.059881029512 12.059881029512 12.060233029512 12.136898968603 12.138594968603 12.138786973929 12.139138973929 12.386301743779 12.387997743779 12.388189749317 12.388541749317 12.477985146679 12.479681146679 12.479873156277 12.480225156277 12.845545796301 12.847241796301 12.847433796386 12.847785796386 12.849267760844 12.849267760844 12.852067760844 12.852067760844 12.853763760844 12.853955786526 12.854307786526 13.058120975726 13.058120975726 13.058120975726 13.058120975726 13.058312975726 13.058312975726 13.060008975726 13.060008975726 13.060008975726 13.060008975726 13.060008975726 13.060201029512 13.060201029512 13.060553029512 13.137858968603 13.139554968603 13.139747029019 13.140099029019 13.385981743779 13.387677743779 13.387869749317 13.388221749317 13.479585146679 13.481281146679 13.481473156277 13.481825156277 13.846185796301 13.847881796301 13.848073796386 13.848425796386 13.855507760844 13.857203760844 13.857395786526 13.857747786526 14.058440975726 14.058440975726 14.058440975726 14.058440975726 14.058632975726 14.058632975726 14.060328975726 14.060328975726 14.060328975726 14.060328975726 14.060328975726 14.060521029512 14.060521029512 14.060873029512 14.136578968603 14.138274968603 14.138466973929 14.138818973929 14.385981743779 14.387677743779 14.387869749317 14.388221749317 14.479905146679 14.481601146679 14.481793156277 14.482145156277 14.846185796301 14.847881796301 14.848073796386 14.848425796386 14.850579760844 14.852275760844 14.852467786526 14.852819786526 15.058120975726 15.058120975726 15.058120975726 15.058120975726 15.058312975726 15.058312975726 15.060008975726 15.060008975726 15.060008975726 15.060008975726 15.060008975726 15.060201029512 15.060201029512 15.060553029512 15.137218968603 15.138914968603 15.139107029019 15.139459029019 15.386621743779 15.388317743779 15.388509749317 15.388861749317 15.480225146679 15.481921146679 15.482113156277 15.482465156277 15.846825796301 15.848521796301 15.848713796386 15.849065796386 15.852499760844 15.854195760844 15.854387786526 15.854739786526 16.057480975726 16.057480975726 16.057480975726 16.057480975726 16.057672975726 16.057672975726 16.059368975726 16.059368975726 16.059368975726 16.059368975726 16.059368975726 16.059561029512 16.059561029512 16.059913029512 16.138178968603 16.139874968603 16.140067006279 16.140419006279 16.385661743779 16.387357743779 16.387549749317 16.387901749317 16.480225146679 16.481921146679 16.482113156277 16.482465156277 16.844905796301 16.846601796301 16.846793796386 16.847145796386 16.849811760844 16.851507760844 16.851699786526 16.852051786526 17.058120975726 17.058120975726 17.058120975726 17.058120975726 17.058312975726 17.058312975726 17.060008975726 17.060008975726 17.060008975726 17.060008975726 17.060008975726 17.060201029512 17.060201029512 17.060553029512 17.137858968603 17.139554968603 17.139747006279 17.140099006279 17.385661743779 17.387357743779 17.387549749317 17.387901749317 17.480225146679 17.481921146679 17.482113156277 17.482465156277 17.845225796301 17.846921796301 17.847113796386 17.847465796386 17.849491760844 17.851187760844 17.851379786526 17.851731786526 18.058760975726 18.058760975726 18.058760975726 18.058760975726 18.058952975726 18.058952975726 18.060648975726 18.060648975726 18.060648975726 18.060648975726 18.060648975726 18.060841029512 18.060841029512 18.061193029512 18.137858968603 18.139554968603 18.139746973929 18.140098973929 18.386941743779 18.388637743779 18.388829749317 18.389181749317 18.477985146679 18.479681146679 18.479873156277 18.480225156277 18.844585796301 18.846281796301 18.846473796386 18.846825796386 18.848211760844 18.849907760844 18.850099786526 18.850451786526 19.057800975726 19.057800975726 19.057800975726 19.057800975726 19.057992975726 19.057992975726 19.059688975726 19.059688975726 19.059688975726 19.059688975726 19.059688975726 19.059881029512 19.059881029512 19.060233029512 19.137858968603 19.139554968603 19.139746969325 19.140098969325 19.386941743779 19.388637743779 19.388829749317 19.389181749317 19.478625146679 19.480321146679 19.480513156277 19.480865156277 19.845545796301 19.847241796301 19.847433796386 19.847785796386 19.849811760844 19.851507760844 19.851699786526 19.852051786526","0 0 0 5e-06 0 0 0.005 0 0.075 0.005 0 5e-06 5e-06 5e-06 0 0.05 5e-06 0.05 5e-06 0.05 5e-06 0.05 5e-06 0.05 5e-06 0.05 5e-06 0.05 5e-06 0.05 5e-06 0.05 5e-06 0 0 0.005 0.005 0 0.075 0.005 0 5e-06 5e-06 5e-06 0 0.05 5e-06 0.05 5e-06 0.05 5e-06 0.05 5e-06 0.05 5e-06 0.05 5e-06 0.05 5e-06 0.05 5e-06 0.05 5e-06 0.05 5e-06 0.05 5e-06 0 0 0.005 0.005 0 0.075 0.005 0 5e-06 5e-06 5e-06 0 0.05 5e-06 0.05 5e-06 0.05 5e-06 0.05 5e-06 0.05 5e-06 0.05 5e-06 0.05 5e-06 0.05 5e-06 0.05 5e-06 0.05 5e-06 0.05 5e-06 0 0 0.005 0.005 0 0.075 0.005 0 5e-06 5e-06 5e-06 0 0.05 5e-06 0.05 5e-06 0.05 5e-06 0.05 5e-06 0.05 5e-06 0.05 5e-06 0.05 5e-06 0.05 5e-06 0.05 5e-06 0.05 5e-06 0.05 5e-06 0 0 0.005 0.005 0 0.075 0.005 0 5e-06 5e-06 5e-06 0 0.05 5e-06 0.05 5e-06 0.05 5e-06 0.05 5e-06 0.05 5e-06 0.05 5e-06 0.05 5e-06 0.05 5e-06 0.05 5e-06 0.05 5e-06 0.05 5e-06 0 0 0.005 0.005 0 0.075 0.005 0 5e-06 5e-06 5e-06 0 0.05 5e-06 0.05 5e-06 0.05 5e-06 0.05 5e-06 0.05 5e-06 0.05 5e-06 0.05 5e-06 0.05 5e-06 0.05 5e-06 0.05 5e-06 0.05 5e-06 0 0 0.005 0.005 0 0.075 0.005 0 5e-06 5e-06 5e-06 0 0.05 5e-06 0.05 5e-06 0.05 5e-06 0.05 5e-06 0.05 5e-06 0.05 5e-06 0.05 5e-06 0.05 5e-06 0.05 5e-06 0.05 5e-06 0.05 5e-06 0 0 0.005 0.005 0 0.075 0.005 0 5e-06 5e-06 5e-06 0 0.05 5e-06 0.05 5e-06 0.05 5e-06 0.05 5e-06 0.05 5e-06 0.05 5e-06 0.05 5e-06 0.05 5e-06 0.05 0.0001 5e-06 5e-06 0 0.05 5e-06 0.05 5e-06 0 0 0.005 0.005 0 0.075 0.005 0 5e-06 5e-06 5e-06 0 0.05 5e-06 0.05 5e-06 0.05 5e-06 0.05 5e-06 0.05 5e-06 0.05 5e-06 0.05 5e-06 0.05 5e-06 0.05 5e-06 0.05 5e-06 0.05 5e-06 0 0 0.005 0.005 0 0.075 0.005 0 5e-06 5e-06 5e-06 0 0.05 5e-06 0.05 5e-06 0.05 5e-06 0.05 5e-06 0.05 5e-06 0.05 5e-06 0.05 5e-06 0.05 5e-06 0.05 5e-06 0.05 5e-06 0.05 5e-06 0 0 0.005 0.005 0 0.075 0.005 0 5e-06 5e-06 5e-06 0 0.05 5e-06 0.05 5e-06 0.05 5e-06 0.05 5e-06 0.05 5e-06 0.05 5e-06 0.05 5e-06 0.05 5e-06 0.05 5e-06 0.05 5e-06 0.05 5e-06 0 0 0.005 0.005 0 0.075 0.005 0 5e-06 5e-06 5e-06 0 0.05 5e-06 0.05 5e-06 0.05 5e-06 0.05 5e-06 0.05 5e-06 0.05 5e-06 0.05 5e-06 0.05 5e-06 0.05 5e-06 0.05 5e-06 0.05 5e-06 0 0 0.005 0.005 0 0.075 0.005 0 5e-06 5e-06 5e-06 0 0.05 5e-06 0.05 5e-06 0.05 5e-06 0.05 5e-06 0.05 5e-06 0.05 5e-06 0.05 5e-06 0.05 5e-06 0.05 0.0001 5e-06 5e-06 0 0.05 5e-06 0.05 5e-06 0 0 0.005 0.005 0 0.075 0.005 0 5e-06 5e-06 5e-06 0 0.05 5e-06 0.05 5e-06 0.05 5e-06 0.05 5e-06 0.05 5e-06 0.05 5e-06 0.05 5e-06 0.05 5e-06 0.05 5e-06 0.05 5e-06 0.05 5e-06 0 0 0.005 0.005 0 0.075 0.005 0 5e-06 5e-06 5e-06 0 0.05 5e-06 0.05 5e-06 0.05 5e-06 0.05 5e-06 0.05 5e-06 0.05 5e-06 0.05 5e-06 0.05 5e-06 0.05 5e-06 0.05 5e-06 0.05 5e-06 0 0 0.005 0.005 0 0.075 0.005 0 5e-06 5e-06 5e-06 0 0.05 5e-06 0.05 5e-06 0.05 5e-06 0.05 5e-06 0.05 5e-06 0.05 5e-06 0.05 5e-06 0.05 5e-06 0.05 5e-06 0.05 5e-06 0.05 5e-06 0 0 0.005 0.005 0 0.075 0.005 0 5e-06 5e-06 5e-06 0 0.05 5e-06 0.05 5e-06 0.05 5e-06 0.05 5e-06 0.05 5e-06 0.05 5e-06 0.05 5e-06 0.05 5e-06 0.05 5e-06 0.05 5e-06 0.05 5e-06 0 0 0.005 0.005 0 0.075 0.005 0 5e-06 5e-06 5e-06 0 0.05 5e-06 0.05 5e-06 0.05 5e-06 0.05 5e-06 0.05 5e-06 0.05 5e-06 0.05 5e-06 0.05 5e-06 0.05 5e-06 0.05 5e-06 0.05 5e-06 0 0 0.005 0.005 0 0.075 0.005 0 5e-06 5e-06 5e-06 0 0.05 5e-06 0.05 5e-06 0.05 5e-06 0.05 5e-06 0.05 5e-06 0.05 5e-06 0.05 5e-06 0.05 5e-06 0.05 5e-06 0.05 5e-06 0.05 5e-06 0 0 0.005 0.005 0 0.075 0.005 0 5e-06 5e-06 5e-06 0 0.05 5e-06 0.05 5e-06 0.05 5e-06 0.05 5e-06 0.05 5e-06 0.05 5e-06 0.05 5e-06 0.05 5e-06 0.05 5e-06 0.05 5e-06 0.05 5e-06"
Ieee802154Power-0-20260923-22:08:54-1429,attr,Ieee802154Showcase.sensor4.wlan[0].radio.energyConsumer,powerConsumption:vector,interpolationmode,sample-hold,,
Ieee802154Power-0-20260923-22:08:54-1429,attr,Ieee802154Showcase.sensor4.wlan[0].radio.energyConsumer,powerConsumption:vector,recordingmode,vector,,
Ieee802154Power-0-20260923-22:08:54-1429,attr,Ieee802154Showcase.sensor4.wlan[0].radio.energyConsumer,powerConsumption:vector,source,powerConsumptionChanged,,
Ieee802154Power-0-20260923-22:08:54-1429,attr,Ieee802154Showcase.sensor4.wlan[0].radio.energyConsumer,powerConsumption:vector,title,Power consumption,,
Ieee802154Power-0-20260923-22:08:54-1429,attr,Ieee802154Showcase.sensor4.wlan[0].radio.energyConsumer,powerConsumption:vector,unit,W,,
Ieee802154Power-0-20260923-22:08:54-1429,vector,Ieee802154Showcase.sensor5.wlan[0].radio.energyConsumer,powerConsumption:vector,,,"0 0 0 0 0.05927301075 0.05927301075 0.06096901075 0.061161020348 0.061513020348 0.385021738452 0.386717738452 0.386909740153 0.387261740153 0.478113111655 0.478113111655 0.478113111655 0.478113111655 0.478305111655 0.478305111655 0.480001111655 0.480001111655 0.480001111655 0.480001111655 0.480001111655 0.480193147113 0.480193147113 0.480545147113 0.844585770196 0.846281770196 0.846473787222 0.846825787222 0.848211776619 0.849907776619 0.850099777362 0.850451777362 1.05927301075 1.06096901075 1.061161020348 1.061513020348 1.138178959439 1.139874959439 1.140067022671 1.140419022671 1.385341738452 1.387037738452 1.387229740153 1.387581740153 1.479073111655 1.479073111655 1.479073111655 1.479073111655 1.479265111655 1.479265111655 1.480961111655 1.480961111655 1.480961111655 1.480961111655 1.480961111655 1.481153147113 1.481153147113 1.481505147113 1.844585770196 1.846281770196 1.846473787222 1.846825787222 1.848851776619 1.850547776619 1.850739777362 1.851091777362 2.05863301075 2.06032901075 2.060521020348 2.060873020348 2.136258959439 2.137954959439 2.138146962751 2.138498962751 2.385021738452 2.386717738452 2.386909740153 2.387261740153 2.479073111655 2.479073111655 2.479073111655 2.479073111655 2.479265111655 2.479265111655 2.480961111655 2.480961111655 2.480961111655 2.480961111655 2.480961111655 2.481153147113 2.481153147113 2.481505147113 2.845225770196 2.846921770196 2.847113787222 2.847465787222 2.849811776619 2.851507776619 2.851699777362 2.852051777362 3.05735301075 3.05904901075 3.059241020348 3.059593020348 3.138498959439 3.140194959439 3.140386984298 3.140738984298 3.385021738452 3.386717738452 3.386909740153 3.387261740153 3.479713111655 3.479713111655 3.479713111655 3.479713111655 3.479905111655 3.479905111655 3.481601111655 3.481601111655 3.481601111655 3.481601111655 3.481601111655 3.481793147113 3.481793147113 3.482145147113 3.845545770196 3.847241770196 3.847433787222 3.847785787222 3.848211776619 3.849907776619 3.850099777362 3.850451777362 4.05703301075 4.05872901075 4.058921020348 4.059273020348 4.137218959439 4.138914959439 4.139106962751 4.139458962751 4.385981738452 4.387677738452 4.387869740153 4.388221740153 4.478433111655 4.478433111655 4.478433111655 4.478433111655 4.478625111655 4.478625111655 4.480321111655 4.480321111655 4.480321111655 4.480321111655 4.480321111655 4.480513147113 4.480513147113 4.480865147113 4.845545770196 4.847241770196 4.847433787222 4.847785787222 4.849491776619 4.851187776619 4.851379777362 4.851731777362 5.05927301075 5.06096901075 5.061161020348 5.061513020348 5.137538959439 5.139234959439 5.139426970201 5.139778970201 5.385981738452 5.387677738452 5.387869740153 5.388221740153 5.479073111655 5.479073111655 5.479073111655 5.479073111655 5.479265111655 5.479265111655 5.480961111655 5.480961111655 5.480961111655 5.480961111655 5.480961111655 5.481153147113 5.481153147113 5.481505147113 5.846505770196 5.848201770196 5.848393787222 5.848745787222 5.849939776619 5.851635776619 5.851827777362 5.852179777362 6.05927301075 6.06096901075 6.061161020348 6.061513020348 6.137858959439 6.139554959439 6.139746970201 6.140098970201 6.386301738452 6.387997738452 6.388189740153 6.388541740153 6.478113111655 6.478113111655 6.478113111655 6.478113111655 6.478305111655 6.478305111655 6.480001111655 6.480001111655 6.480001111655 6.480001111655 6.480001111655 6.480193147113 6.480193147113 6.480545147113 6.844905770196 6.846601770196 6.846793787222 6.847145787222 6.847571776619 6.849267776619 6.849459777362 6.849811777362 7.05863301075 7.06032901075 7.060521020348 7.060873020348 7.136258959439 7.137954959439 7.138146962751 7.138498962751 7.385341738452 7.387037738452 7.387229740153 7.387581740153 7.478433111655 7.478433111655 7.478433111655 7.478433111655 7.478625111655 7.478625111655 7.480321111655 7.480321111655 7.480321111655 7.480321111655 7.480321111655 7.480513147113 7.480513147113 7.480865147113 7.846185770196 7.847881770196 7.848073787222 7.848425787222 7.849907776619 7.849907776619 7.850787776619 7.850787776619 7.852483776619 7.852675777362 7.853027777362 8.05767301075 8.05936901075 8.059561020348 8.059913020348 8.136898959439 8.138594959439 8.138787022671 8.139139022671 8.386941738452 8.388637738452 8.388829740153 8.389181740153 8.478433111655 8.478433111655 8.478433111655 8.478433111655 8.478625111655 8.478625111655 8.480321111655 8.480321111655 8.480321111655 8.480321111655 8.480321111655 8.480513147113 8.480513147113 8.480865147113 8.845225770196 8.846921770196 8.847113787222 8.847465787222 8.848531776619 8.850227776619 8.850419777362 8.850771777362 9.05799301075 9.05968901075 9.059881020348 9.060233020348 9.136898959439 9.138594959439 9.138787022671 9.139139022671 9.385661738452 9.387357738452 9.387549740153 9.387901740153 9.478113111655 9.478113111655 9.478113111655 9.478113111655 9.478305111655 9.478305111655 9.480001111655 9.480001111655 9.480001111655 9.480001111655 9.480001111655 9.480193147113 9.480193147113 9.480545147113 9.845545770196 9.847241770196 9.847433787222 9.847785787222 9.851219776619 9.852915776619 9.853107777362 9.853459777362 10.05831301075 10.06000901075 10.060201020348 10.060553020348 10.138178959439 10.139874959439 10.140067003026 10.140419003026 10.384701738452 10.386397738452 10.386589740153 10.386941740153 10.478433111655 10.478433111655 10.478433111655 10.478433111655 10.478625111655 10.478625111655 10.480321111655 10.480321111655 10.480321111655 10.480321111655 10.480321111655 10.480513147113 10.480513147113 10.480865147113 10.844585770196 10.846281770196 10.846473787222 10.846825787222 10.849491776619 10.851187776619 10.851379777362 10.851731777362 11.05895301075 11.06064901075 11.060841020348 11.061193020348 11.138178959439 11.139874959439 11.140067022671 11.140419022671 11.385661738452 11.387357738452 11.387549740153 11.387901740153 11.479073111655 11.479073111655 11.479073111655 11.479073111655 11.479265111655 11.479265111655 11.480961111655 11.480961111655 11.480961111655 11.480961111655 11.480961111655 11.481153147113 11.481153147113 11.481505147113 11.846185770196 11.847881770196 11.848073787222 11.848425787222 11.851859776619 11.853555776619 11.853747777362 11.854099777362 12.05799301075 12.05968901075 12.059881020348 12.060233020348 12.136898959439 12.138594959439 12.138786962751 12.139138962751 12.386301738452 12.387997738452 12.388189740153 12.388541740153 12.477793111655 12.477793111655 12.477793111655 12.477793111655 12.477985111655 12.477985111655 12.479681111655 12.479681111655 12.479681111655 12.479681111655 12.479681111655 12.479873147113 12.479873147113 12.480225147113 12.845545770196 12.847241770196 12.847433787222 12.847785787222 12.849267776619 12.849267776619 12.852067776619 12.852067776619 12.853763776619 12.853955777362 12.854307777362 13.05831301075 13.06000901075 13.060201020348 13.060553020348 13.137858959439 13.139554959439 13.139747022671 13.140099022671 13.385981738452 13.387677738452 13.387869740153 13.388221740153 13.479393111655 13.479393111655 13.479393111655 13.479393111655 13.479585111655 13.479585111655 13.481281111655 13.481281111655 13.481281111655 13.481281111655 13.481281111655 13.481473147113 13.481473147113 13.481825147113 13.846185770196 13.847881770196 13.848073787222 13.848425787222 13.855507776619 13.857203776619 13.857395777362 13.857747777362 14.05863301075 14.06032901075 14.060521020348 14.060873020348 14.136578959439 14.138274959439 14.138466962751 14.138818962751 14.385981738452 14.387677738452 14.387869740153 14.388221740153 14.479713111655 14.479713111655 14.479713111655 14.479713111655 14.479905111655 14.479905111655 14.481601111655 14.481601111655 14.481601111655 14.481601111655 14.481601111655 14.481793147113 14.481793147113 14.482145147113 14.846185770196 14.847881770196 14.848073787222 14.848425787222 14.850579776619 14.852275776619 14.852467777362 14.852819777362 15.05831301075 15.06000901075 15.060201020348 15.060553020348 15.137218959439 15.138914959439 15.139107022671 15.139459022671 15.386621738452 15.388317738452 15.388509740153 15.388861740153 15.480033111655 15.480033111655 15.480033111655 15.480033111655 15.480225111655 15.480225111655 15.481921111655 15.481921111655 15.481921111655 15.481921111655 15.481921111655 15.482113147113 15.482113147113 15.482465147113 15.846825770196 15.848521770196 15.848713787222 15.849065787222 15.852499776619 15.854195776619 15.854387777362 15.854739777362 16.05767301075 16.05936901075 16.059561020348 16.059913020348 16.138178959439 16.139874959439 16.140066980247 16.140418980247 16.385661738452 16.387357738452 16.387549740153 16.387901740153 16.480033111655 16.480033111655 16.480033111655 16.480033111655 16.480225111655 16.480225111655 16.481921111655 16.481921111655 16.481921111655 16.481921111655 16.481921111655 16.482113147113 16.482113147113 16.482465147113 16.844905770196 16.846601770196 16.846793787222 16.847145787222 16.849811776619 16.851507776619 16.851699777362 16.852051777362 17.05831301075 17.06000901075 17.060201020348 17.060553020348 17.137858959439 17.139554959439 17.139746980247 17.140098980247 17.385661738452 17.387357738452 17.387549740153 17.387901740153 17.480033111655 17.480033111655 17.480033111655 17.480033111655 17.480225111655 17.480225111655 17.481921111655 17.481921111655 17.481921111655 17.481921111655 17.481921111655 17.482113147113 17.482113147113 17.482465147113 17.845225770196 17.846921770196 17.847113787222 17.847465787222 17.849491776619 17.851187776619 17.851379777362 17.851731777362 18.05895301075 18.06064901075 18.060841020348 18.061193020348 18.137858959439 18.139554959439 18.139746962751 18.140098962751 18.386941738452 18.388637738452 18.388829740153 18.389181740153 18.477793111655 18.477793111655 18.477793111655 18.477793111655 18.477985111655 18.477985111655 18.479681111655 18.479681111655 18.479681111655 18.479681111655 18.479681111655 18.479873147113 18.479873147113 18.480225147113 18.844585770196 18.846281770196 18.846473787222 18.846825787222 18.848211776619 18.849907776619 18.850099777362 18.850451777362 19.05799301075 19.05968901075 19.059881020348 19.060233020348 19.137858959439 19.139554959439 19.139746974133 19.140098974133 19.386941738452 19.388637738452 19.388829740153 19.389181740153 19.478433111655 19.478433111655 19.478433111655 19.478433111655 19.478625111655 19.478625111655 19.480321111655 19.480321111655 19.480321111655 19.480321111655 19.480321111655 19.480513147113 19.480513147113 19.480865147113 19.845545770196 19.847241770196 19.847433787222 19.847785787222 19.849811776619 19.851507776619 19.851699777362 19.852051777362","0 0 0 5e-06 0 0.05 5e-06 0.05 5e-06 0.05 5e-06 0.05 5e-06 0 0 0.005 0.005 0 0.075 0.005 0 5e-06 5e-06 5e-06 0 0.05 5e-06 0.05 5e-06 0.05 5e-06 0.05 5e-06 0.05 5e-06 0.05 5e-06 0.05 5e-06 0.05 5e-06 0.05 5e-06 0.05 5e-06 0.05 5e-06 0 0 0.005 0.005 0 0.075 0.005 0 5e-06 5e-06 5e-06 0 0.05 5e-06 0.05 5e-06 0.05 5e-06 0.05 5e-06 0.05 5e-06 0.05 5e-06 0.05 5e-06 0.05 5e-06 0.05 5e-06 0.05 5e-06 0.05 5e-06 0 0 0.005 0.005 0 0.075 0.005 0 5e-06 5e-06 5e-06 0 0.05 5e-06 0.05 5e-06 0.05 5e-06 0.05 5e-06 0.05 5e-06 0.05 5e-06 0.05 5e-06 0.05 5e-06 0.05 5e-06 0.05 5e-06 0.05 5e-06 0 0 0.005 0.005 0 0.075 0.005 0 5e-06 5e-06 5e-06 0 0.05 5e-06 0.05 5e-06 0.05 5e-06 0.05 5e-06 0.05 5e-06 0.05 5e-06 0.05 5e-06 0.05 5e-06 0.05 5e-06 0.05 5e-06 0.05 5e-06 0 0 0.005 0.005 0 0.075 0.005 0 5e-06 5e-06 5e-06 0 0.05 5e-06 0.05 5e-06 0.05 5e-06 0.05 5e-06 0.05 5e-06 0.05 5e-06 0.05 5e-06 0.05 5e-06 0.05 5e-06 0.05 5e-06 0.05 5e-06 0 0 0.005 0.005 0 0.075 0.005 0 5e-06 5e-06 5e-06 0 0.05 5e-06 0.05 5e-06 0.05 5e-06 0.05 5e-06 0.05 5e-06 0.05 5e-06 0.05 5e-06 0.05 5e-06 0.05 5e-06 0.05 5e-06 0.05 5e-06 0 0 0.005 0.005 0 0.075 0.005 0 5e-06 5e-06 5e-06 0 0.05 5e-06 0.05 5e-06 0.05 5e-06 0.05 5e-06 0.05 5e-06 0.05 5e-06 0.05 5e-06 0.05 5e-06 0.05 5e-06 0.05 5e-06 0.05 5e-06 0 0 0.005 0.005 0 0.075 0.005 0 5e-06 5e-06 5e-06 0 0.05 5e-06 0.05 5e-06 0.05 0.0001 5e-06 5e-06 0 0.05 5e-06 0.05 5e-06 0.05 5e-06 0.05 5e-06 0.05 5e-06 0.05 5e-06 0.05 5e-06 0.05 5e-06 0 0 0.005 0.005 0 0.075 0.005 0 5e-06 5e-06 5e-06 0 0.05 5e-06 0.05 5e-06 0.05 5e-06 0.05 5e-06 0.05 5e-06 0.05 5e-06 0.05 5e-06 0.05 5e-06 0.05 5e-06 0.05 5e-06 0.05 5e-06 0 0 0.005 0.005 0 0.075 0.005 0 5e-06 5e-06 5e-06 0 0.05 5e-06 0.05 5e-06 0.05 5e-06 0.05 5e-06 0.05 5e-06 0.05 5e-06 0.05 5e-06 0.05 5e-06 0.05 5e-06 0.05 5e-06 0.05 5e-06 0 0 0.005 0.005 0 0.075 0.005 0 5e-06 5e-06 5e-06 0 0.05 5e-06 0.05 5e-06 0.05 5e-06 0.05 5e-06 0.05 5e-06 0.05 5e-06 0.05 5e-06 0.05 5e-06 0.05 5e-06 0.05 5e-06 0.05 5e-06 0 0 0.005 0.005 0 0.075 0.005 0 5e-06 5e-06 5e-06 0 0.05 5e-06 0.05 5e-06 0.05 5e-06 0.05 5e-06 0.05 5e-06 0.05 5e-06 0.05 5e-06 0.05 5e-06 0.05 5e-06 0.05 5e-06 0.05 5e-06 0 0 0.005 0.005 0 0.075 0.005 0 5e-06 5e-06 5e-06 0 0.05 5e-06 0.05 5e-06 0.05 0.0001 5e-06 5e-06 0 0.05 5e-06 0.05 5e-06 0.05 5e-06 0.05 5e-06 0.05 5e-06 0.05 5e-06 0.05 5e-06 0.05 5e-06 0 0 0.005 0.005 0 0.075 0.005 0 5e-06 5e-06 5e-06 0 0.05 5e-06 0.05 5e-06 0.05 5e-06 0.05 5e-06 0.05 5e-06 0.05 5e-06 0.05 5e-06 0.05 5e-06 0.05 5e-06 0.05 5e-06 0.05 5e-06 0 0 0.005 0.005 0 0.075 0.005 0 5e-06 5e-06 5e-06 0 0.05 5e-06 0.05 5e-06 0.05 5e-06 0.05 5e-06 0.05 5e-06 0.05 5e-06 0.05 5e-06 0.05 5e-06 0.05 5e-06 0.05 5e-06 0.05 5e-06 0 0 0.005 0.005 0 0.075 0.005 0 5e-06 5e-06 5e-06 0 0.05 5e-06 0.05 5e-06 0.05 5e-06 0.05 5e-06 0.05 5e-06 0.05 5e-06 0.05 5e-06 0.05 5e-06 0.05 5e-06 0.05 5e-06 0.05 5e-06 0 0 0.005 0.005 0 0.075 0.005 0 5e-06 5e-06 5e-06 0 0.05 5e-06 0.05 5e-06 0.05 5e-06 0.05 5e-06 0.05 5e-06 0.05 5e-06 0.05 5e-06 0.05 5e-06 0.05 5e-06 0.05 5e-06 0.05 5e-06 0 0 0.005 0.005 0 0.075 0.005 0 5e-06 5e-06 5e-06 0 0.05 5e-06 0.05 5e-06 0.05 5e-06 0.05 5e-06 0.05 5e-06 0.05 5e-06 0.05 5e-06 0.05 5e-06 0.05 5e-06 0.05 5e-06 0.05 5e-06 0 0 0.005 0.005 0 0.075 0.005 0 5e-06 5e-06 5e-06 0 0.05 5e-06 0.05 5e-06 0.05 5e-06 0.05 5e-06 0.05 5e-06 0.05 5e-06 0.05 5e-06 0.05 5e-06 0.05 5e-06 0.05 5e-06 0.05 5e-06 0 0 0.005 0.005 0 0.075 0.005 0 5e-06 5e-06 5e-06 0 0.05 5e-06 0.05 5e-06 0.05 5e-06 0.05 5e-06 0.05 5e-06"
Ieee802154Power-0-20260923-22:08:54-1429,attr,Ieee802154Showcase.sensor5.wlan[0].radio.energyConsumer,powerConsumption:vector,interpolationmode,sample-hold,,
Ieee802154Power-0-20260923-22:08:54-1429,attr,Ieee802154Showcase.sensor5.wlan[0].radio.energyConsumer,powerConsumption:vector,recordingmode,vector,,
Ieee802154Power-0-20260923-22:08:54-1429,attr,Ieee802154Showcase.sensor5.wlan[0].radio.energyConsumer,powerConsumption:vector,source,powerConsumptionChanged,,
Ieee802154Power-0-20260923-22:08:54-1429,attr,Ieee802154Showcase.sensor5.wlan[0].radio.energyConsumer,powerConsumption:vector,title,Power consumption,,
Ieee802154Power-0-20260923-22:08:54-1429,attr,Ieee802154Showcase.sensor5.wlan[0].radio.energyConsumer,powerConsumption:vector,unit,W,,
