run,type,module,name,attrname,attrvalue,value
EnergyEfficient-0-20260924-21:08:21-1581,runattr,,,configname,EnergyEfficient,
EnergyEfficient-0-20260924-21:08:21-1581,runattr,,,datetime,20260924-21:08:21,
EnergyEfficient-0-20260924-21:08:21-1581,runattr,,,datetimef,20260924-210821,
EnergyEfficient-0-20260924-21:08:21-1581,runattr,,,experiment,EnergyEfficient,
EnergyEfficient-0-20260924-21:08:21-1581,runattr,,,inifile,omnetpp.ini,
EnergyEfficient-0-20260924-21:08:21-1581,runattr,,,iterationvars,,
EnergyEfficient-0-20260924-21:08:21-1581,runattr,,,iterationvarsd,,
EnergyEfficient-0-20260924-21:08:21-1581,runattr,,,iterationvarsf,,
EnergyEfficient-0-20260924-21:08:21-1581,runattr,,,measurement,,
EnergyEfficient-0-20260924-21:08:21-1581,runattr,,,network,Ieee802154Showcase,
EnergyEfficient-0-20260924-21:08:21-1581,runattr,,,processid,1581,
EnergyEfficient-0-20260924-21:08:21-1581,runattr,,,repetition,0,
EnergyEfficient-0-20260924-21:08:21-1581,runattr,,,replication,#0,
EnergyEfficient-0-20260924-21:08:21-1581,runattr,,,resultdir,results,
EnergyEfficient-0-20260924-21:08:21-1581,runattr,,,runnumber,0,
EnergyEfficient-0-20260924-21:08:21-1581,runattr,,,seedset,0,
EnergyEfficient-0-20260924-21:08:21-1581,config,,,sim-time-limit,20s,
EnergyEfficient-0-20260924-21:08:21-1581,config,,,extends,Ieee802154Power,
EnergyEfficient-0-20260924-21:08:21-1581,config,,,sim-time-limit,100s,
EnergyEfficient-0-20260924-21:08:21-1581,config,,,repeat,10,
EnergyEfficient-0-20260924-21:08:21-1581,config,,,**.wlan[*].typename,EnergyEfficientIeee802154Interface,
EnergyEfficient-0-20260924-21:08:21-1581,config,,,**.wlan[*].mac.beaconOrder,6,
EnergyEfficient-0-20260924-21:08:21-1581,config,,,**.wlan[*].mac.superframeOrder,2,
EnergyEfficient-0-20260924-21:08:21-1581,config,,,*.controller.wlan[*].mac.coordinator,true,
EnergyEfficient-0-20260924-21:08:21-1581,config,,,*.sensor*.wlan[*].mac.coordinator,false,
EnergyEfficient-0-20260924-21:08:21-1581,config,,,*.lamp*.wlan[*].mac.coordinator,false,
EnergyEfficient-0-20260924-21:08:21-1581,config,,,extends,Ieee802154,
EnergyEfficient-0-20260924-21:08:21-1581,config,,,sim-time-limit,100s,
EnergyEfficient-0-20260924-21:08:21-1581,config,,,repeat,10,
EnergyEfficient-0-20260924-21:08:21-1581,config,,,**.energyStorage.residualEnergyCapacity.result-recording-modes,+last,
EnergyEfficient-0-20260924-21:08:21-1581,config,,,network,Ieee802154Showcase,
EnergyEfficient-0-20260924-21:08:21-1581,config,,,**.arp.typename,GlobalArp,
EnergyEfficient-0-20260924-21:08:21-1581,config,,,**.netmaskRoutes,"""""",
EnergyEfficient-0-20260924-21:08:21-1581,config,,,*.radioMedium.backgroundNoise.power,-110dBm,
EnergyEfficient-0-20260924-21:08:21-1581,config,,,*.configurator.config,"xmldoc(""startopology.xml"")",
EnergyEfficient-0-20260924-21:08:21-1581,config,,,*.configurator.addStaticRoutes,false,
EnergyEfficient-0-20260924-21:08:21-1581,config,,,*.sensor*.numApps,1,
EnergyEfficient-0-20260924-21:08:21-1581,config,,,*.sensor*.app[*].typename,UdpBasicApp,
EnergyEfficient-0-20260924-21:08:21-1581,config,,,*.sensor*.app[*].destAddresses,"""controller""",
EnergyEfficient-0-20260924-21:08:21-1581,config,,,*.sensor*.app[*].destPort,1000,
EnergyEfficient-0-20260924-21:08:21-1581,config,,,*.sensor*.app[*].sendInterval,1s,
EnergyEfficient-0-20260924-21:08:21-1581,config,,,*.sensor*.app[*].startTime,"uniform(0s,1s)",
EnergyEfficient-0-20260924-21:08:21-1581,config,,,*.sensor*.app[*].messageLength,10Byte,
EnergyEfficient-0-20260924-21:08:21-1581,config,,,*.sensor*.app[*].packetName,"""SensorData""",
EnergyEfficient-0-20260924-21:08:21-1581,config,,,*.controller.numApps,2,
EnergyEfficient-0-20260924-21:08:21-1581,config,,,*.controller.app[0].typename,UdpBasicApp,
EnergyEfficient-0-20260924-21:08:21-1581,config,,,*.controller.app[0].destAddresses,"""lamp1 lamp2 lamp3 lamp4 lamp5 lamp6 lamp7 lamp8""",
EnergyEfficient-0-20260924-21:08:21-1581,config,,,*.controller.app[0].destPort,1000,
EnergyEfficient-0-20260924-21:08:21-1581,config,,,*.controller.app[0].sendInterval,1s,
EnergyEfficient-0-20260924-21:08:21-1581,config,,,*.controller.app[0].startTime,exponential(1s),
EnergyEfficient-0-20260924-21:08:21-1581,config,,,*.controller.app[0].messageLength,10Byte,
EnergyEfficient-0-20260924-21:08:21-1581,config,,,*.controller.app[0].packetName,"""ControlData""",
EnergyEfficient-0-20260924-21:08:21-1581,config,,,*.controller.app[1].typename,UdpSink,
EnergyEfficient-0-20260924-21:08:21-1581,config,,,*.controller.app[1].localPort,1000,
EnergyEfficient-0-20260924-21:08:21-1581,config,,,*.lamp*.numApps,1,
EnergyEfficient-0-20260924-21:08:21-1581,config,,,*.lamp*.app[0].typename,UdpSink,
EnergyEfficient-0-20260924-21:08:21-1581,config,,,*.lamp*.app[0].localPort,1000,
EnergyEfficient-0-20260924-21:08:21-1581,config,,,*.visualizer.routingTableVisualizer[0].displayRoutingTables,false,
EnergyEfficient-0-20260924-21:08:21-1581,config,,,*.visualizer.routingTableVisualizer[0].displayRoutesIndividually,false,
EnergyEfficient-0-20260924-21:08:21-1581,config,,,*.visualizer.routingTableVisualizer[0].lineShift,0,
EnergyEfficient-0-20260924-21:08:21-1581,config,,,*.visualizer.routingTableVisualizer[0].displayLabels,false,
EnergyEfficient-0-20260924-21:08:21-1581,config,,,*.visualizer.interfaceTableVisualizer[0].displayInterfaceTables,false,
EnergyEfficient-0-20260924-21:08:21-1581,config,,,*.visualizer.numDataLinkVisualizers,2,
EnergyEfficient-0-20260924-21:08:21-1581,config,,,*.visualizer.dataLinkVisualizer[*].displayLinks,true,
EnergyEfficient-0-20260924-21:08:21-1581,config,,,*.visualizer.dataLinkVisualizer[0].nodeFilter,"""sensor* or controller""",
EnergyEfficient-0-20260924-21:08:21-1581,config,,,*.visualizer.dataLinkVisualizer[1].*Color,"""blue""",
EnergyEfficient-0-20260924-21:08:21-1581,config,,,*.visualizer.dataLinkVisualizer[1].nodeFilter,"""lamp* or controller""",
EnergyEfficient-0-20260924-21:08:21-1581,config,,,*.visualizer.numStatisticVisualizers,2,
EnergyEfficient-0-20260924-21:08:21-1581,config,,,*.visualizer.statisticVisualizer[*].zIndex,1,
EnergyEfficient-0-20260924-21:08:21-1581,config,,,*.visualizer.statisticVisualizer[0].displayStatistics,true,
EnergyEfficient-0-20260924-21:08:21-1581,config,,,*.visualizer.statisticVisualizer[0].signalName,"""packetSent""",
EnergyEfficient-0-20260924-21:08:21-1581,config,,,*.visualizer.statisticVisualizer[0].statisticExpression,"""count""",
EnergyEfficient-0-20260924-21:08:21-1581,config,,,*.visualizer.statisticVisualizer[0].sourceFilter,"""**.controller.udp OR **.sensor*.udp""",
EnergyEfficient-0-20260924-21:08:21-1581,config,,,*.visualizer.statisticVisualizer[0].format,"""sent: %v pks""",
EnergyEfficient-0-20260924-21:08:21-1581,config,,,*.visualizer.statisticVisualizer[1].displayStatistics,true,
EnergyEfficient-0-20260924-21:08:21-1581,config,,,*.visualizer.statisticVisualizer[1].signalName,"""packetReceived""",
EnergyEfficient-0-20260924-21:08:21-1581,config,,,*.visualizer.statisticVisualizer[1].statisticExpression,"""count""",
EnergyEfficient-0-20260924-21:08:21-1581,config,,,*.visualizer.statisticVisualizer[1].sourceFilter,"""**.controller.udp OR **.lamp*.udp""",
EnergyEfficient-0-20260924-21:08:21-1581,config,,,*.visualizer.statisticVisualizer[1].format,"""rcvd: %v pks""",
EnergyEfficient-0-20260924-21:08:21-1581,scalar,Ieee802154Showcase.sensor1.energyStorage,residualEnergyCapacity:last,,,-0.014393150191923
EnergyEfficient-0-20260924-21:08:21-1581,attr,Ieee802154Showcase.sensor1.energyStorage,residualEnergyCapacity:last,interpolationmode,linear,
EnergyEfficient-0-20260924-21:08:21-1581,attr,Ieee802154Showcase.sensor1.energyStorage,residualEnergyCapacity:last,recordingmode,last,
EnergyEfficient-0-20260924-21:08:21-1581,attr,Ieee802154Showcase.sensor1.energyStorage,residualEnergyCapacity:last,source,residualEnergyCapacityChanged,
EnergyEfficient-0-20260924-21:08:21-1581,attr,Ieee802154Showcase.sensor1.energyStorage,residualEnergyCapacity:last,title,"Residual energy capacity, last",
EnergyEfficient-0-20260924-21:08:21-1581,attr,Ieee802154Showcase.sensor1.energyStorage,residualEnergyCapacity:last,unit,J,
EnergyEfficient-0-20260924-21:08:21-1581,scalar,Ieee802154Showcase.sensor1.lo[0].lo,rcvdPkFromHl:count,,,0
EnergyEfficient-0-20260924-21:08:21-1581,attr,Ieee802154Showcase.sensor1.lo[0].lo,rcvdPkFromHl:count,interpolationmode,none,
EnergyEfficient-0-20260924-21:08:21-1581,attr,Ieee802154Showcase.sensor1.lo[0].lo,rcvdPkFromHl:count,recordingmode,count,
EnergyEfficient-0-20260924-21:08:21-1581,attr,Ieee802154Showcase.sensor1.lo[0].lo,rcvdPkFromHl:count,source,packetReceivedFromUpper,
EnergyEfficient-0-20260924-21:08:21-1581,attr,Ieee802154Showcase.sensor1.lo[0].lo,rcvdPkFromHl:count,title,"packets received from higher layer, count",
EnergyEfficient-0-20260924-21:08:21-1581,scalar,Ieee802154Showcase.sensor1.lo[0].lo,rcvdPkFromHl:sum(packetBytes),,,0
EnergyEfficient-0-20260924-21:08:21-1581,attr,Ieee802154Showcase.sensor1.lo[0].lo,rcvdPkFromHl:sum(packetBytes),interpolationmode,none,
EnergyEfficient-0-20260924-21:08:21-1581,attr,Ieee802154Showcase.sensor1.lo[0].lo,rcvdPkFromHl:sum(packetBytes),recordingmode,sum(packetBytes),
EnergyEfficient-0-20260924-21:08:21-1581,attr,Ieee802154Showcase.sensor1.lo[0].lo,rcvdPkFromHl:sum(packetBytes),source,packetReceivedFromUpper,
EnergyEfficient-0-20260924-21:08:21-1581,attr,Ieee802154Showcase.sensor1.lo[0].lo,rcvdPkFromHl:sum(packetBytes),title,"packets received from higher layer, sum(packetBytes)",
EnergyEfficient-0-20260924-21:08:21-1581,scalar,Ieee802154Showcase.sensor1.lo[0].lo,passedUpPk:count,,,0
EnergyEfficient-0-20260924-21:08:21-1581,attr,Ieee802154Showcase.sensor1.lo[0].lo,passedUpPk:count,interpolationmode,none,
EnergyEfficient-0-20260924-21:08:21-1581,attr,Ieee802154Showcase.sensor1.lo[0].lo,passedUpPk:count,recordingmode,count,
EnergyEfficient-0-20260924-21:08:21-1581,attr,Ieee802154Showcase.sensor1.lo[0].lo,passedUpPk:count,source,packetSentToUpper,
EnergyEfficient-0-20260924-21:08:21-1581,attr,Ieee802154Showcase.sensor1.lo[0].lo,passedUpPk:count,title,"packets passed to higher layer, count",
EnergyEfficient-0-20260924-21:08:21-1581,scalar,Ieee802154Showcase.sensor1.lo[0].lo,passedUpPk:sum(packetBytes),,,0
EnergyEfficient-0-20260924-21:08:21-1581,attr,Ieee802154Showcase.sensor1.lo[0].lo,passedUpPk:sum(packetBytes),interpolationmode,none,
EnergyEfficient-0-20260924-21:08:21-1581,attr,Ieee802154Showcase.sensor1.lo[0].lo,passedUpPk:sum(packetBytes),recordingmode,sum(packetBytes),
EnergyEfficient-0-20260924-21:08:21-1581,attr,Ieee802154Showcase.sensor1.lo[0].lo,passedUpPk:sum(packetBytes),source,packetSentToUpper,
EnergyEfficient-0-20260924-21:08:21-1581,attr,Ieee802154Showcase.sensor1.lo[0].lo,passedUpPk:sum(packetBytes),title,"packets passed to higher layer, sum(packetBytes)",
EnergyEfficient-0-20260924-21:08:21-1581,scalar,Ieee802154Showcase.sensor1.lo[0],packetDropInterfaceDown:count,,,0
EnergyEfficient-0-20260924-21:08:21-1581,attr,Ieee802154Showcase.sensor1.lo[0],packetDropInterfaceDown:count,interpolationmode,none,
EnergyEfficient-0-20260924-21:08:21-1581,attr,Ieee802154Showcase.sensor1.lo[0],packetDropInterfaceDown:count,recordingmode,count,
EnergyEfficient-0-20260924-21:08:21-1581,attr,Ieee802154Showcase.sensor1.lo[0],packetDropInterfaceDown:count,source,packetDropReasonIsInterfaceDown(packetDropped),
EnergyEfficient-0-20260924-21:08:21-1581,attr,Ieee802154Showcase.sensor1.lo[0],packetDropInterfaceDown:count,title,"packet drops: interface down, count",
EnergyEfficient-0-20260924-21:08:21-1581,scalar,Ieee802154Showcase.sensor1.lo[0],packetDropInterfaceDown:sum(packetBytes),,,0
EnergyEfficient-0-20260924-21:08:21-1581,attr,Ieee802154Showcase.sensor1.lo[0],packetDropInterfaceDown:sum(packetBytes),interpolationmode,none,
EnergyEfficient-0-20260924-21:08:21-1581,attr,Ieee802154Showcase.sensor1.lo[0],packetDropInterfaceDown:sum(packetBytes),recordingmode,sum(packetBytes),
EnergyEfficient-0-20260924-21:08:21-1581,attr,Ieee802154Showcase.sensor1.lo[0],packetDropInterfaceDown:sum(packetBytes),source,packetDropReasonIsInterfaceDown(packetDropped),
EnergyEfficient-0-20260924-21:08:21-1581,attr,Ieee802154Showcase.sensor1.lo[0],packetDropInterfaceDown:sum(packetBytes),title,"packet drops: interface down, sum(packetBytes)",
EnergyEfficient-0-20260924-21:08:21-1581,scalar,Ieee802154Showcase.sensor1.lo[0],packetDropNoCarrier:count,,,0
EnergyEfficient-0-20260924-21:08:21-1581,attr,Ieee802154Showcase.sensor1.lo[0],packetDropNoCarrier:count,interpolationmode,none,
EnergyEfficient-0-20260924-21:08:21-1581,attr,Ieee802154Showcase.sensor1.lo[0],packetDropNoCarrier:count,recordingmode,count,
EnergyEfficient-0-20260924-21:08:21-1581,attr,Ieee802154Showcase.sensor1.lo[0],packetDropNoCarrier:count,source,packetDropReasonIsNoCarrier(packetDropped),
EnergyEfficient-0-20260924-21:08:21-1581,attr,Ieee802154Showcase.sensor1.lo[0],packetDropNoCarrier:count,title,"packet drops: no carrier, count",
EnergyEfficient-0-20260924-21:08:21-1581,scalar,Ieee802154Showcase.sensor1.lo[0],packetDropNoCarrier:sum(packetBytes),,,0
EnergyEfficient-0-20260924-21:08:21-1581,attr,Ieee802154Showcase.sensor1.lo[0],packetDropNoCarrier:sum(packetBytes),interpolationmode,none,
EnergyEfficient-0-20260924-21:08:21-1581,attr,Ieee802154Showcase.sensor1.lo[0],packetDropNoCarrier:sum(packetBytes),recordingmode,sum(packetBytes),
EnergyEfficient-0-20260924-21:08:21-1581,attr,Ieee802154Showcase.sensor1.lo[0],packetDropNoCarrier:sum(packetBytes),source,packetDropReasonIsNoCarrier(packetDropped),
EnergyEfficient-0-20260924-21:08:21-1581,attr,Ieee802154Showcase.sensor1.lo[0],packetDropNoCarrier:sum(packetBytes),title,"packet drops: no carrier, sum(packetBytes)",
EnergyEfficient-0-20260924-21:08:21-1581,scalar,Ieee802154Showcase.sensor1.wlan[0].queue,queueLength:last,,,1
EnergyEfficient-0-20260924-21:08:21-1581,attr,Ieee802154Showcase.sensor1.wlan[0].queue,queueLength:last,autoWarmupFilter,false,
EnergyEfficient-0-20260924-21:08:21-1581,attr,Ieee802154Showcase.sensor1.wlan[0].queue,queueLength:last,interpolationmode,sample-hold,
EnergyEfficient-0-20260924-21:08:21-1581,attr,Ieee802154Showcase.sensor1.wlan[0].queue,queueLength:last,recordingmode,last,
EnergyEfficient-0-20260924-21:08:21-1581,attr,Ieee802154Showcase.sensor1.wlan[0].queue,queueLength:last,source,warmup(atomic(constant0(packetPushEnded) + count(packetPushStarted) - count(packetPulled) - count(packetRemoved) - count(packetDropped))),
EnergyEfficient-0-20260924-21:08:21-1581,attr,Ieee802154Showcase.sensor1.wlan[0].queue,queueLength:last,title,"queue length, last",
EnergyEfficient-0-20260924-21:08:21-1581,attr,Ieee802154Showcase.sensor1.wlan[0].queue,queueLength:last,unit,pk,
EnergyEfficient-0-20260924-21:08:21-1581,scalar,Ieee802154Showcase.sensor1.wlan[0].queue,queueLength:max,,,1
EnergyEfficient-0-20260924-21:08:21-1581,attr,Ieee802154Showcase.sensor1.wlan[0].queue,queueLength:max,autoWarmupFilter,false,
EnergyEfficient-0-20260924-21:08:21-1581,attr,Ieee802154Showcase.sensor1.wlan[0].queue,queueLength:max,interpolationmode,sample-hold,
EnergyEfficient-0-20260924-21:08:21-1581,attr,Ieee802154Showcase.sensor1.wlan[0].queue,queueLength:max,recordingmode,max,
EnergyEfficient-0-20260924-21:08:21-1581,attr,Ieee802154Showcase.sensor1.wlan[0].queue,queueLength:max,source,warmup(atomic(constant0(packetPushEnded) + count(packetPushStarted) - count(packetPulled) - count(packetRemoved) - count(packetDropped))),
EnergyEfficient-0-20260924-21:08:21-1581,attr,Ieee802154Showcase.sensor1.wlan[0].queue,queueLength:max,title,"queue length, max",
EnergyEfficient-0-20260924-21:08:21-1581,attr,Ieee802154Showcase.sensor1.wlan[0].queue,queueLength:max,unit,pk,
EnergyEfficient-0-20260924-21:08:21-1581,scalar,Ieee802154Showcase.sensor1.wlan[0].queue,queueLength:timeavg,,,0.3508741378459
EnergyEfficient-0-20260924-21:08:21-1581,attr,Ieee802154Showcase.sensor1.wlan[0].queue,queueLength:timeavg,autoWarmupFilter,false,
EnergyEfficient-0-20260924-21:08:21-1581,attr,Ieee802154Showcase.sensor1.wlan[0].queue,queueLength:timeavg,interpolationmode,sample-hold,
EnergyEfficient-0-20260924-21:08:21-1581,attr,Ieee802154Showcase.sensor1.wlan[0].queue,queueLength:timeavg,recordingmode,timeavg,
EnergyEfficient-0-20260924-21:08:21-1581,attr,Ieee802154Showcase.sensor1.wlan[0].queue,queueLength:timeavg,source,warmup(atomic(constant0(packetPushEnded) + count(packetPushStarted) - count(packetPulled) - count(packetRemoved) - count(packetDropped))),
EnergyEfficient-0-20260924-21:08:21-1581,attr,Ieee802154Showcase.sensor1.wlan[0].queue,queueLength:timeavg,title,"queue length, timeavg",
EnergyEfficient-0-20260924-21:08:21-1581,attr,Ieee802154Showcase.sensor1.wlan[0].queue,queueLength:timeavg,unit,pk,
EnergyEfficient-0-20260924-21:08:21-1581,scalar,Ieee802154Showcase.sensor1.wlan[0].queue,queueBitLength:last,,,304
EnergyEfficient-0-20260924-21:08:21-1581,attr,Ieee802154Showcase.sensor1.wlan[0].queue,queueBitLength:last,autoWarmupFilter,false,
EnergyEfficient-0-20260924-21:08:21-1581,attr,Ieee802154Showcase.sensor1.wlan[0].queue,queueBitLength:last,interpolationmode,sample-hold,
EnergyEfficient-0-20260924-21:08:21-1581,attr,Ieee802154Showcase.sensor1.wlan[0].queue,queueBitLength:last,recordingmode,last,
EnergyEfficient-0-20260924-21:08:21-1581,attr,Ieee802154Showcase.sensor1.wlan[0].queue,queueBitLength:last,source,warmup(atomic(constant0(packetPushEnded) + sum(packetLength(packetPushStarted)) - sum(packetLength(packetPulled)) - sum(packetLength(packetRemoved)) - sum(packetLength(packetDropped)))),
EnergyEfficient-0-20260924-21:08:21-1581,attr,Ieee802154Showcase.sensor1.wlan[0].queue,queueBitLength:last,title,"queue bit length, last",
EnergyEfficient-0-20260924-21:08:21-1581,attr,Ieee802154Showcase.sensor1.wlan[0].queue,queueBitLength:last,unit,b,
EnergyEfficient-0-20260924-21:08:21-1581,scalar,Ieee802154Showcase.sensor1.wlan[0].queue,queueBitLength:max,,,304
EnergyEfficient-0-20260924-21:08:21-1581,attr,Ieee802154Showcase.sensor1.wlan[0].queue,queueBitLength:max,autoWarmupFilter,false,
EnergyEfficient-0-20260924-21:08:21-1581,attr,Ieee802154Showcase.sensor1.wlan[0].queue,queueBitLength:max,interpolationmode,sample-hold,
EnergyEfficient-0-20260924-21:08:21-1581,attr,Ieee802154Showcase.sensor1.wlan[0].queue,queueBitLength:max,recordingmode,max,
EnergyEfficient-0-20260924-21:08:21-1581,attr,Ieee802154Showcase.sensor1.wlan[0].queue,queueBitLength:max,source,warmup(atomic(constant0(packetPushEnded) + sum(packetLength(packetPushStarted)) - sum(packetLength(packetPulled)) - sum(packetLength(packetRemoved)) - sum(packetLength(packetDropped)))),
EnergyEfficient-0-20260924-21:08:21-1581,attr,Ieee802154Showcase.sensor1.wlan[0].queue,queueBitLength:max,title,"queue bit length, max",
EnergyEfficient-0-20260924-21:08:21-1581,attr,Ieee802154Showcase.sensor1.wlan[0].queue,queueBitLength:max,unit,b,
EnergyEfficient-0-20260924-21:08:21-1581,scalar,Ieee802154Showcase.sensor1.wlan[0].queue,queueBitLength:timeavg,,,106.66573790515
EnergyEfficient-0-20260924-21:08:21-1581,attr,Ieee802154Showcase.sensor1.wlan[0].queue,queueBitLength:timeavg,autoWarmupFilter,false,
EnergyEfficient-0-20260924-21:08:21-1581,attr,Ieee802154Showcase.sensor1.wlan[0].queue,queueBitLength:timeavg,interpolationmode,sample-hold,
EnergyEfficient-0-20260924-21:08:21-1581,attr,Ieee802154Showcase.sensor1.wlan[0].queue,queueBitLength:timeavg,recordingmode,timeavg,
EnergyEfficient-0-20260924-21:08:21-1581,attr,Ieee802154Showcase.sensor1.wlan[0].queue,queueBitLength:timeavg,source,warmup(atomic(constant0(packetPushEnded) + sum(packetLength(packetPushStarted)) - sum(packetLength(packetPulled)) - sum(packetLength(packetRemoved)) - sum(packetLength(packetDropped)))),
EnergyEfficient-0-20260924-21:08:21-1581,attr,Ieee802154Showcase.sensor1.wlan[0].queue,queueBitLength:timeavg,title,"queue bit length, timeavg",
EnergyEfficient-0-20260924-21:08:21-1581,attr,Ieee802154Showcase.sensor1.wlan[0].queue,queueBitLength:timeavg,unit,b,
EnergyEfficient-0-20260924-21:08:21-1581,scalar,Ieee802154Showcase.sensor1.wlan[0].queue,outgoingPackets:count,,,19
EnergyEfficient-0-20260924-21:08:21-1581,attr,Ieee802154Showcase.sensor1.wlan[0].queue,outgoingPackets:count,recordingmode,count,
EnergyEfficient-0-20260924-21:08:21-1581,attr,Ieee802154Showcase.sensor1.wlan[0].queue,outgoingPackets:count,source,packetPulled,
EnergyEfficient-0-20260924-21:08:21-1581,attr,Ieee802154Showcase.sensor1.wlan[0].queue,outgoingPackets:count,title,"outgoing packets, count",
EnergyEfficient-0-20260924-21:08:21-1581,attr,Ieee802154Showcase.sensor1.wlan[0].queue,outgoingPackets:count,unit,pk,
EnergyEfficient-0-20260924-21:08:21-1581,scalar,Ieee802154Showcase.sensor1.wlan[0].queue,outgoingPacketLengths:sum,,,5776
EnergyEfficient-0-20260924-21:08:21-1581,attr,Ieee802154Showcase.sensor1.wlan[0].queue,outgoingPacketLengths:sum,interpolationmode,none,
EnergyEfficient-0-20260924-21:08:21-1581,attr,Ieee802154Showcase.sensor1.wlan[0].queue,outgoingPacketLengths:sum,recordingmode,sum,
EnergyEfficient-0-20260924-21:08:21-1581,attr,Ieee802154Showcase.sensor1.wlan[0].queue,outgoingPacketLengths:sum,source,packetLength(packetPulled),
EnergyEfficient-0-20260924-21:08:21-1581,attr,Ieee802154Showcase.sensor1.wlan[0].queue,outgoingPacketLengths:sum,title,"outgoing packet lengths, sum",
EnergyEfficient-0-20260924-21:08:21-1581,attr,Ieee802154Showcase.sensor1.wlan[0].queue,outgoingPacketLengths:sum,unit,b,
EnergyEfficient-0-20260924-21:08:21-1581,scalar,Ieee802154Showcase.sensor1.wlan[0].queue,incomingPackets:count,,,20
EnergyEfficient-0-20260924-21:08:21-1581,attr,Ieee802154Showcase.sensor1.wlan[0].queue,incomingPackets:count,recordingmode,count,
EnergyEfficient-0-20260924-21:08:21-1581,attr,Ieee802154Showcase.sensor1.wlan[0].queue,incomingPackets:count,source,packetPushStarted,
EnergyEfficient-0-20260924-21:08:21-1581,attr,Ieee802154Showcase.sensor1.wlan[0].queue,incomingPackets:count,title,"incoming packets, count",
EnergyEfficient-0-20260924-21:08:21-1581,attr,Ieee802154Showcase.sensor1.wlan[0].queue,incomingPackets:count,unit,pk,
EnergyEfficient-0-20260924-21:08:21-1581,scalar,Ieee802154Showcase.sensor1.wlan[0].queue,incomingPacketLengths:sum,,,6080
EnergyEfficient-0-20260924-21:08:21-1581,attr,Ieee802154Showcase.sensor1.wlan[0].queue,incomingPacketLengths:sum,interpolationmode,none,
EnergyEfficient-0-20260924-21:08:21-1581,attr,Ieee802154Showcase.sensor1.wlan[0].queue,incomingPacketLengths:sum,recordingmode,sum,
EnergyEfficient-0-20260924-21:08:21-1581,attr,Ieee802154Showcase.sensor1.wlan[0].queue,incomingPacketLengths:sum,source,packetLength(packetPushStarted),
EnergyEfficient-0-20260924-21:08:21-1581,attr,Ieee802154Showcase.sensor1.wlan[0].queue,incomingPacketLengths:sum,title,"incoming packet lengths, sum",
EnergyEfficient-0-20260924-21:08:21-1581,attr,Ieee802154Showcase.sensor1.wlan[0].queue,incomingPacketLengths:sum,unit,b,
EnergyEfficient-0-20260924-21:08:21-1581,scalar,Ieee802154Showcase.sensor1.wlan[0].queue,droppedPacketsQueueOverflow:count,,,0
EnergyEfficient-0-20260924-21:08:21-1581,attr,Ieee802154Showcase.sensor1.wlan[0].queue,droppedPacketsQueueOverflow:count,interpolationmode,none,
EnergyEfficient-0-20260924-21:08:21-1581,attr,Ieee802154Showcase.sensor1.wlan[0].queue,droppedPacketsQueueOverflow:count,recordingmode,count,
EnergyEfficient-0-20260924-21:08:21-1581,attr,Ieee802154Showcase.sensor1.wlan[0].queue,droppedPacketsQueueOverflow:count,source,packetDropReasonIsQueueOverflow(packetDropped),
EnergyEfficient-0-20260924-21:08:21-1581,attr,Ieee802154Showcase.sensor1.wlan[0].queue,droppedPacketsQueueOverflow:count,title,"dropped packets: queue overflow, count",
EnergyEfficient-0-20260924-21:08:21-1581,attr,Ieee802154Showcase.sensor1.wlan[0].queue,droppedPacketsQueueOverflow:count,unit,pk,
EnergyEfficient-0-20260924-21:08:21-1581,scalar,Ieee802154Showcase.sensor1.wlan[0].queue,droppedPacketLengthsQueueOverflow:sum,,,0
EnergyEfficient-0-20260924-21:08:21-1581,attr,Ieee802154Showcase.sensor1.wlan[0].queue,droppedPacketLengthsQueueOverflow:sum,interpolationmode,none,
EnergyEfficient-0-20260924-21:08:21-1581,attr,Ieee802154Showcase.sensor1.wlan[0].queue,droppedPacketLengthsQueueOverflow:sum,recordingmode,sum,
EnergyEfficient-0-20260924-21:08:21-1581,attr,Ieee802154Showcase.sensor1.wlan[0].queue,droppedPacketLengthsQueueOverflow:sum,source,packetLength(packetDropReasonIsQueueOverflow(packetDropped)),
EnergyEfficient-0-20260924-21:08:21-1581,attr,Ieee802154Showcase.sensor1.wlan[0].queue,droppedPacketLengthsQueueOverflow:sum,title,"dropped packet lengths: queue overflow, sum",
EnergyEfficient-0-20260924-21:08:21-1581,attr,Ieee802154Showcase.sensor1.wlan[0].queue,droppedPacketLengthsQueueOverflow:sum,unit,b,
EnergyEfficient-0-20260924-21:08:21-1581,scalar,Ieee802154Showcase.sensor1.wlan[0].mac,nbTxFrames,,,24
EnergyEfficient-0-20260924-21:08:21-1581,scalar,Ieee802154Showcase.sensor1.wlan[0].mac,nbRxFrames,,,0
EnergyEfficient-0-20260924-21:08:21-1581,scalar,Ieee802154Showcase.sensor1.wlan[0].mac,nbDroppedFrames,,,0
EnergyEfficient-0-20260924-21:08:21-1581,scalar,Ieee802154Showcase.sensor1.wlan[0].mac,nbMissedAcks,,,5
EnergyEfficient-0-20260924-21:08:21-1581,scalar,Ieee802154Showcase.sensor1.wlan[0].mac,nbRecvdAcks,,,19
EnergyEfficient-0-20260924-21:08:21-1581,scalar,Ieee802154Showcase.sensor1.wlan[0].mac,nbTxAcks,,,0
EnergyEfficient-0-20260924-21:08:21-1581,scalar,Ieee802154Showcase.sensor1.wlan[0].mac,nbDuplicates,,,0
EnergyEfficient-0-20260924-21:08:21-1581,scalar,Ieee802154Showcase.sensor1.wlan[0].mac,meanBackoff,,,0.0026171428571429
EnergyEfficient-0-20260924-21:08:21-1581,scalar,Ieee802154Showcase.sensor1.wlan[0].mac,nbBackoffs,,,56
EnergyEfficient-0-20260924-21:08:21-1581,scalar,Ieee802154Showcase.sensor1.wlan[0].mac,backoffDurations,,,0.14656
EnergyEfficient-0-20260924-21:08:21-1581,scalar,Ieee802154Showcase.sensor1.wlan[0].mac,packetDropNotAddressToUs:count,,,190
EnergyEfficient-0-20260924-21:08:21-1581,attr,Ieee802154Showcase.sensor1.wlan[0].mac,packetDropNotAddressToUs:count,interpolationmode,none,
EnergyEfficient-0-20260924-21:08:21-1581,attr,Ieee802154Showcase.sensor1.wlan[0].mac,packetDropNotAddressToUs:count,recordingmode,count,
EnergyEfficient-0-20260924-21:08:21-1581,attr,Ieee802154Showcase.sensor1.wlan[0].mac,packetDropNotAddressToUs:count,source,packetDropReasonIsNotAddressedToUs(packetDropped),
EnergyEfficient-0-20260924-21:08:21-1581,attr,Ieee802154Showcase.sensor1.wlan[0].mac,packetDropNotAddressToUs:count,title,"packet drop: not addressed to us, count",
EnergyEfficient-0-20260924-21:08:21-1581,scalar,Ieee802154Showcase.sensor1.wlan[0].mac,packetDropNotAddressToUs:sum(packetBytes),,,5024
EnergyEfficient-0-20260924-21:08:21-1581,attr,Ieee802154Showcase.sensor1.wlan[0].mac,packetDropNotAddressToUs:sum(packetBytes),interpolationmode,none,
EnergyEfficient-0-20260924-21:08:21-1581,attr,Ieee802154Showcase.sensor1.wlan[0].mac,packetDropNotAddressToUs:sum(packetBytes),recordingmode,sum(packetBytes),
EnergyEfficient-0-20260924-21:08:21-1581,attr,Ieee802154Showcase.sensor1.wlan[0].mac,packetDropNotAddressToUs:sum(packetBytes),source,packetDropReasonIsNotAddressedToUs(packetDropped),
EnergyEfficient-0-20260924-21:08:21-1581,attr,Ieee802154Showcase.sensor1.wlan[0].mac,packetDropNotAddressToUs:sum(packetBytes),title,"packet drop: not addressed to us, sum(packetBytes)",
EnergyEfficient-0-20260924-21:08:21-1581,scalar,Ieee802154Showcase.sensor1.wlan[0].mac,packetDropIncorrectlyReceived:count,,,5
EnergyEfficient-0-20260924-21:08:21-1581,attr,Ieee802154Showcase.sensor1.wlan[0].mac,packetDropIncorrectlyReceived:count,interpolationmode,none,
EnergyEfficient-0-20260924-21:08:21-1581,attr,Ieee802154Showcase.sensor1.wlan[0].mac,packetDropIncorrectlyReceived:count,recordingmode,count,
EnergyEfficient-0-20260924-21:08:21-1581,attr,Ieee802154Showcase.sensor1.wlan[0].mac,packetDropIncorrectlyReceived:count,source,packetDropReasonIsIncorrectlyReceived(packetDropped),
EnergyEfficient-0-20260924-21:08:21-1581,attr,Ieee802154Showcase.sensor1.wlan[0].mac,packetDropIncorrectlyReceived:count,title,"packet drop: incorrectly received, count",
EnergyEfficient-0-20260924-21:08:21-1581,scalar,Ieee802154Showcase.sensor1.wlan[0].mac,packetDropIncorrectlyReceived:sum(packetBytes),,,193
EnergyEfficient-0-20260924-21:08:21-1581,attr,Ieee802154Showcase.sensor1.wlan[0].mac,packetDropIncorrectlyReceived:sum(packetBytes),interpolationmode,none,
EnergyEfficient-0-20260924-21:08:21-1581,attr,Ieee802154Showcase.sensor1.wlan[0].mac,packetDropIncorrectlyReceived:sum(packetBytes),recordingmode,sum(packetBytes),
EnergyEfficient-0-20260924-21:08:21-1581,attr,Ieee802154Showcase.sensor1.wlan[0].mac,packetDropIncorrectlyReceived:sum(packetBytes),source,packetDropReasonIsIncorrectlyReceived(packetDropped),
EnergyEfficient-0-20260924-21:08:21-1581,attr,Ieee802154Showcase.sensor1.wlan[0].mac,packetDropIncorrectlyReceived:sum(packetBytes),title,"packet drop: incorrectly received, sum(packetBytes)",
EnergyEfficient-0-20260924-21:08:21-1581,scalar,Ieee802154Showcase.sensor1.wlan[0].mac,packetDropQueueOverflow:count,,,0
EnergyEfficient-0-20260924-21:08:21-1581,attr,Ieee802154Showcase.sensor1.wlan[0].mac,packetDropQueueOverflow:count,interpolationmode,none,
EnergyEfficient-0-20260924-21:08:21-1581,attr,Ieee802154Showcase.sensor1.wlan[0].mac,packetDropQueueOverflow:count,recordingmode,count,
EnergyEfficient-0-20260924-21:08:21-1581,attr,Ieee802154Showcase.sensor1.wlan[0].mac,packetDropQueueOverflow:count,source,packetDropReasonIsQueueOverflow(packetDropped),
EnergyEfficient-0-20260924-21:08:21-1581,attr,Ieee802154Showcase.sensor1.wlan[0].mac,packetDropQueueOverflow:count,title,"packet drop: queue overflow, count",
EnergyEfficient-0-20260924-21:08:21-1581,scalar,Ieee802154Showcase.sensor1.wlan[0].mac,packetDropQueueOverflow:sum(packetBytes),,,0
EnergyEfficient-0-20260924-21:08:21-1581,attr,Ieee802154Showcase.sensor1.wlan[0].mac,packetDropQueueOverflow:sum(packetBytes),interpolationmode,none,
EnergyEfficient-0-20260924-21:08:21-1581,attr,Ieee802154Showcase.sensor1.wlan[0].mac,packetDropQueueOverflow:sum(packetBytes),recordingmode,sum(packetBytes),
EnergyEfficient-0-20260924-21:08:21-1581,attr,Ieee802154Showcase.sensor1.wlan[0].mac,packetDropQueueOverflow:sum(packetBytes),source,packetDropReasonIsQueueOverflow(packetDropped),
EnergyEfficient-0-20260924-21:08:21-1581,attr,Ieee802154Showcase.sensor1.wlan[0].mac,packetDropQueueOverflow:sum(packetBytes),title,"packet drop: queue overflow, sum(packetBytes)",
EnergyEfficient-0-20260924-21:08:21-1581,scalar,Ieee802154Showcase.sensor1.wlan[0].mac,packetDropRetryLimitReached:count,,,0
EnergyEfficient-0-20260924-21:08:21-1581,attr,Ieee802154Showcase.sensor1.wlan[0].mac,packetDropRetryLimitReached:count,interpolationmode,none,
EnergyEfficient-0-20260924-21:08:21-1581,attr,Ieee802154Showcase.sensor1.wlan[0].mac,packetDropRetryLimitReached:count,recordingmode,count,
EnergyEfficient-0-20260924-21:08:21-1581,attr,Ieee802154Showcase.sensor1.wlan[0].mac,packetDropRetryLimitReached:count,source,packetDropReasonIsRetryLimitReached(packetDropped),
EnergyEfficient-0-20260924-21:08:21-1581,attr,Ieee802154Showcase.sensor1.wlan[0].mac,packetDropRetryLimitReached:count,title,"packet drop: retry limit reached, count",
EnergyEfficient-0-20260924-21:08:21-1581,scalar,Ieee802154Showcase.sensor1.wlan[0].mac,packetDropRetryLimitReached:sum(packetBytes),,,0
EnergyEfficient-0-20260924-21:08:21-1581,attr,Ieee802154Showcase.sensor1.wlan[0].mac,packetDropRetryLimitReached:sum(packetBytes),interpolationmode,none,
EnergyEfficient-0-20260924-21:08:21-1581,attr,Ieee802154Showcase.sensor1.wlan[0].mac,packetDropRetryLimitReached:sum(packetBytes),recordingmode,sum(packetBytes),
EnergyEfficient-0-20260924-21:08:21-1581,attr,Ieee802154Showcase.sensor1.wlan[0].mac,packetDropRetryLimitReached:sum(packetBytes),source,packetDropReasonIsRetryLimitReached(packetDropped),
EnergyEfficient-0-20260924-21:08:21-1581,attr,Ieee802154Showcase.sensor1.wlan[0].mac,packetDropRetryLimitReached:sum(packetBytes),title,"packet drop: retry limit reached, sum(packetBytes)",
EnergyEfficient-0-20260924-21:08:21-1581,scalar,Ieee802154Showcase.sensor1.wlan[0].mac,packetDropBackoffLimitReached:count,,,0
EnergyEfficient-0-20260924-21:08:21-1581,attr,Ieee802154Showcase.sensor1.wlan[0].mac,packetDropBackoffLimitReached:count,interpolationmode,none,
EnergyEfficient-0-20260924-21:08:21-1581,attr,Ieee802154Showcase.sensor1.wlan[0].mac,packetDropBackoffLimitReached:count,recordingmode,count,
EnergyEfficient-0-20260924-21:08:21-1581,attr,Ieee802154Showcase.sensor1.wlan[0].mac,packetDropBackoffLimitReached:count,source,packetDropReasonIsCongestion(packetDropped),
EnergyEfficient-0-20260924-21:08:21-1581,attr,Ieee802154Showcase.sensor1.wlan[0].mac,packetDropBackoffLimitReached:count,title,"packet drop: backoff limit reached, count",
EnergyEfficient-0-20260924-21:08:21-1581,scalar,Ieee802154Showcase.sensor1.wlan[0].mac,packetDropBackoffLimitReached:sum(packetBytes),,,0
EnergyEfficient-0-20260924-21:08:21-1581,attr,Ieee802154Showcase.sensor1.wlan[0].mac,packetDropBackoffLimitReached:sum(packetBytes),interpolationmode,none,
EnergyEfficient-0-20260924-21:08:21-1581,attr,Ieee802154Showcase.sensor1.wlan[0].mac,packetDropBackoffLimitReached:sum(packetBytes),recordingmode,sum(packetBytes),
EnergyEfficient-0-20260924-21:08:21-1581,attr,Ieee802154Showcase.sensor1.wlan[0].mac,packetDropBackoffLimitReached:sum(packetBytes),source,packetDropReasonIsCongestion(packetDropped),
EnergyEfficient-0-20260924-21:08:21-1581,attr,Ieee802154Showcase.sensor1.wlan[0].mac,packetDropBackoffLimitReached:sum(packetBytes),title,"packet drop: backoff limit reached, sum(packetBytes)",
EnergyEfficient-0-20260924-21:08:21-1581,scalar,Ieee802154Showcase.sensor1.wlan[0].mac,linkBroken:count,,,0
EnergyEfficient-0-20260924-21:08:21-1581,attr,Ieee802154Showcase.sensor1.wlan[0].mac,linkBroken:count,interpolationmode,none,
EnergyEfficient-0-20260924-21:08:21-1581,attr,Ieee802154Showcase.sensor1.wlan[0].mac,linkBroken:count,recordingmode,count,
EnergyEfficient-0-20260924-21:08:21-1581,attr,Ieee802154Showcase.sensor1.wlan[0].mac,linkBroken:count,source,linkBroken,
EnergyEfficient-0-20260924-21:08:21-1581,attr,Ieee802154Showcase.sensor1.wlan[0].mac,linkBroken:count,title,"link break, count",
EnergyEfficient-0-20260924-21:08:21-1581,scalar,Ieee802154Showcase.sensor1.wlan[0].radio,radioMode:count,,,112
EnergyEfficient-0-20260924-21:08:21-1581,attr,Ieee802154Showcase.sensor1.wlan[0].radio,radioMode:count,enum,"OFF,SLEEP,RECEIVER,TRANSMITTER,TRANSCEIVER,SWITCHING",
EnergyEfficient-0-20260924-21:08:21-1581,attr,Ieee802154Showcase.sensor1.wlan[0].radio,radioMode:count,interpolationmode,sample-hold,
EnergyEfficient-0-20260924-21:08:21-1581,attr,Ieee802154Showcase.sensor1.wlan[0].radio,radioMode:count,recordingmode,count,
EnergyEfficient-0-20260924-21:08:21-1581,attr,Ieee802154Showcase.sensor1.wlan[0].radio,radioMode:count,source,radioModeChanged,
EnergyEfficient-0-20260924-21:08:21-1581,attr,Ieee802154Showcase.sensor1.wlan[0].radio,radioMode:count,title,"Radio mode, count",
EnergyEfficient-0-20260924-21:08:21-1581,attr,Ieee802154Showcase.sensor1.wlan[0].radio,radioMode:count,type,enum,
EnergyEfficient-0-20260924-21:08:21-1581,scalar,Ieee802154Showcase.sensor1.wlan[0].radio,receptionState:count,,,594
EnergyEfficient-0-20260924-21:08:21-1581,attr,Ieee802154Showcase.sensor1.wlan[0].radio,receptionState:count,enum,"UNDEFINED,IDLE,BUSY,RECEIVING",
EnergyEfficient-0-20260924-21:08:21-1581,attr,Ieee802154Showcase.sensor1.wlan[0].radio,receptionState:count,interpolationmode,sample-hold,
EnergyEfficient-0-20260924-21:08:21-1581,attr,Ieee802154Showcase.sensor1.wlan[0].radio,receptionState:count,recordingmode,count,
EnergyEfficient-0-20260924-21:08:21-1581,attr,Ieee802154Showcase.sensor1.wlan[0].radio,receptionState:count,source,receptionStateChanged,
EnergyEfficient-0-20260924-21:08:21-1581,attr,Ieee802154Showcase.sensor1.wlan[0].radio,receptionState:count,title,"Radio reception state, count",
EnergyEfficient-0-20260924-21:08:21-1581,attr,Ieee802154Showcase.sensor1.wlan[0].radio,receptionState:count,type,enum,
EnergyEfficient-0-20260924-21:08:21-1581,scalar,Ieee802154Showcase.sensor1.wlan[0].radio,transmissionState:count,,,136
EnergyEfficient-0-20260924-21:08:21-1581,attr,Ieee802154Showcase.sensor1.wlan[0].radio,transmissionState:count,enum,"UNDEFINED,IDLE,TRANSMITTING",
EnergyEfficient-0-20260924-21:08:21-1581,attr,Ieee802154Showcase.sensor1.wlan[0].radio,transmissionState:count,interpolationmode,sample-hold,
EnergyEfficient-0-20260924-21:08:21-1581,attr,Ieee802154Showcase.sensor1.wlan[0].radio,transmissionState:count,recordingmode,count,
EnergyEfficient-0-20260924-21:08:21-1581,attr,Ieee802154Showcase.sensor1.wlan[0].radio,transmissionState:count,source,transmissionStateChanged,
EnergyEfficient-0-20260924-21:08:21-1581,attr,Ieee802154Showcase.sensor1.wlan[0].radio,transmissionState:count,title,"Radio transmission state, count",
EnergyEfficient-0-20260924-21:08:21-1581,attr,Ieee802154Showcase.sensor1.wlan[0].radio,transmissionState:count,type,enum,
EnergyEfficient-0-20260924-21:08:21-1581,scalar,Ieee802154Showcase.sensor1.wlan[0],packetDropInterfaceDown:count,,,0
EnergyEfficient-0-20260924-21:08:21-1581,attr,Ieee802154Showcase.sensor1.wlan[0],packetDropInterfaceDown:count,interpolationmode,none,
EnergyEfficient-0-20260924-21:08:21-1581,attr,Ieee802154Showcase.sensor1.wlan[0],packetDropInterfaceDown:count,recordingmode,count,
EnergyEfficient-0-20260924-21:08:21-1581,attr,Ieee802154Showcase.sensor1.wlan[0],packetDropInterfaceDown:count,source,packetDropReasonIsInterfaceDown(packetDropped),
EnergyEfficient-0-20260924-21:08:21-1581,attr,Ieee802154Showcase.sensor1.wlan[0],packetDropInterfaceDown:count,title,"packet drops: interface down, count",
EnergyEfficient-0-20260924-21:08:21-1581,scalar,Ieee802154Showcase.sensor1.wlan[0],packetDropInterfaceDown:sum(packetBytes),,,0
EnergyEfficient-0-20260924-21:08:21-1581,attr,Ieee802154Showcase.sensor1.wlan[0],packetDropInterfaceDown:sum(packetBytes),interpolationmode,none,
EnergyEfficient-0-20260924-21:08:21-1581,attr,Ieee802154Showcase.sensor1.wlan[0],packetDropInterfaceDown:sum(packetBytes),recordingmode,sum(packetBytes),
EnergyEfficient-0-20260924-21:08:21-1581,attr,Ieee802154Showcase.sensor1.wlan[0],packetDropInterfaceDown:sum(packetBytes),source,packetDropReasonIsInterfaceDown(packetDropped),
EnergyEfficient-0-20260924-21:08:21-1581,attr,Ieee802154Showcase.sensor1.wlan[0],packetDropInterfaceDown:sum(packetBytes),title,"packet drops: interface down, sum(packetBytes)",
EnergyEfficient-0-20260924-21:08:21-1581,scalar,Ieee802154Showcase.sensor1.wlan[0],packetDropNoCarrier:count,,,0
EnergyEfficient-0-20260924-21:08:21-1581,attr,Ieee802154Showcase.sensor1.wlan[0],packetDropNoCarrier:count,interpolationmode,none,
EnergyEfficient-0-20260924-21:08:21-1581,attr,Ieee802154Showcase.sensor1.wlan[0],packetDropNoCarrier:count,recordingmode,count,
EnergyEfficient-0-20260924-21:08:21-1581,attr,Ieee802154Showcase.sensor1.wlan[0],packetDropNoCarrier:count,source,packetDropReasonIsNoCarrier(packetDropped),
EnergyEfficient-0-20260924-21:08:21-1581,attr,Ieee802154Showcase.sensor1.wlan[0],packetDropNoCarrier:count,title,"packet drops: no carrier, count",
EnergyEfficient-0-20260924-21:08:21-1581,scalar,Ieee802154Showcase.sensor1.wlan[0],packetDropNoCarrier:sum(packetBytes),,,0
EnergyEfficient-0-20260924-21:08:21-1581,attr,Ieee802154Showcase.sensor1.wlan[0],packetDropNoCarrier:sum(packetBytes),interpolationmode,none,
EnergyEfficient-0-20260924-21:08:21-1581,attr,Ieee802154Showcase.sensor1.wlan[0],packetDropNoCarrier:sum(packetBytes),recordingmode,sum(packetBytes),
EnergyEfficient-0-20260924-21:08:21-1581,attr,Ieee802154Showcase.sensor1.wlan[0],packetDropNoCarrier:sum(packetBytes),source,packetDropReasonIsNoCarrier(packetDropped),
EnergyEfficient-0-20260924-21:08:21-1581,attr,Ieee802154Showcase.sensor1.wlan[0],packetDropNoCarrier:sum(packetBytes),title,"packet drops: no carrier, sum(packetBytes)",
EnergyEfficient-0-20260924-21:08:21-1581,scalar,Ieee802154Showcase.sensor1.ipv4.ip,packetDropAddressResolutionFailed:count,,,0
EnergyEfficient-0-20260924-21:08:21-1581,attr,Ieee802154Showcase.sensor1.ipv4.ip,packetDropAddressResolutionFailed:count,interpolationmode,none,
EnergyEfficient-0-20260924-21:08:21-1581,attr,Ieee802154Showcase.sensor1.ipv4.ip,packetDropAddressResolutionFailed:count,recordingmode,count,
EnergyEfficient-0-20260924-21:08:21-1581,attr,Ieee802154Showcase.sensor1.ipv4.ip,packetDropAddressResolutionFailed:count,source,packetDropReasonIsAddressResolutionFailed(packetDropped),
EnergyEfficient-0-20260924-21:08:21-1581,attr,Ieee802154Showcase.sensor1.ipv4.ip,packetDropAddressResolutionFailed:count,title,"packet drop: address resolution failed, count",
EnergyEfficient-0-20260924-21:08:21-1581,scalar,Ieee802154Showcase.sensor1.ipv4.ip,packetDropAddressResolutionFailed:sum(packetBytes),,,0
EnergyEfficient-0-20260924-21:08:21-1581,attr,Ieee802154Showcase.sensor1.ipv4.ip,packetDropAddressResolutionFailed:sum(packetBytes),interpolationmode,none,
EnergyEfficient-0-20260924-21:08:21-1581,attr,Ieee802154Showcase.sensor1.ipv4.ip,packetDropAddressResolutionFailed:sum(packetBytes),recordingmode,sum(packetBytes),
EnergyEfficient-0-20260924-21:08:21-1581,attr,Ieee802154Showcase.sensor1.ipv4.ip,packetDropAddressResolutionFailed:sum(packetBytes),source,packetDropReasonIsAddressResolutionFailed(packetDropped),
EnergyEfficient-0-20260924-21:08:21-1581,attr,Ieee802154Showcase.sensor1.ipv4.ip,packetDropAddressResolutionFailed:sum(packetBytes),title,"packet drop: address resolution failed, sum(packetBytes)",
EnergyEfficient-0-20260924-21:08:21-1581,scalar,Ieee802154Showcase.sensor1.ipv4.ip,packetDropHopLimitReached:count,,,0
EnergyEfficient-0-20260924-21:08:21-1581,attr,Ieee802154Showcase.sensor1.ipv4.ip,packetDropHopLimitReached:count,interpolationmode,none,
EnergyEfficient-0-20260924-21:08:21-1581,attr,Ieee802154Showcase.sensor1.ipv4.ip,packetDropHopLimitReached:count,recordingmode,count,
EnergyEfficient-0-20260924-21:08:21-1581,attr,Ieee802154Showcase.sensor1.ipv4.ip,packetDropHopLimitReached:count,source,packetDropReasonIsHopLimitReached(packetDropped),
EnergyEfficient-0-20260924-21:08:21-1581,attr,Ieee802154Showcase.sensor1.ipv4.ip,packetDropHopLimitReached:count,title,"packet drop: hop limit reached, count",
EnergyEfficient-0-20260924-21:08:21-1581,scalar,Ieee802154Showcase.sensor1.ipv4.ip,packetDropHopLimitReached:sum(packetBytes),,,0
EnergyEfficient-0-20260924-21:08:21-1581,attr,Ieee802154Showcase.sensor1.ipv4.ip,packetDropHopLimitReached:sum(packetBytes),interpolationmode,none,
EnergyEfficient-0-20260924-21:08:21-1581,attr,Ieee802154Showcase.sensor1.ipv4.ip,packetDropHopLimitReached:sum(packetBytes),recordingmode,sum(packetBytes),
EnergyEfficient-0-20260924-21:08:21-1581,attr,Ieee802154Showcase.sensor1.ipv4.ip,packetDropHopLimitReached:sum(packetBytes),source,packetDropReasonIsHopLimitReached(packetDropped),
EnergyEfficient-0-20260924-21:08:21-1581,attr,Ieee802154Showcase.sensor1.ipv4.ip,packetDropHopLimitReached:sum(packetBytes),title,"packet drop: hop limit reached, sum(packetBytes)",
EnergyEfficient-0-20260924-21:08:21-1581,scalar,Ieee802154Showcase.sensor1.ipv4.ip,packetDropForwardingDisabled:count,,,0
EnergyEfficient-0-20260924-21:08:21-1581,attr,Ieee802154Showcase.sensor1.ipv4.ip,packetDropForwardingDisabled:count,interpolationmode,none,
EnergyEfficient-0-20260924-21:08:21-1581,attr,Ieee802154Showcase.sensor1.ipv4.ip,packetDropForwardingDisabled:count,recordingmode,count,
EnergyEfficient-0-20260924-21:08:21-1581,attr,Ieee802154Showcase.sensor1.ipv4.ip,packetDropForwardingDisabled:count,source,packetDropReasonIsForwardingDisabled(packetDropped),
EnergyEfficient-0-20260924-21:08:21-1581,attr,Ieee802154Showcase.sensor1.ipv4.ip,packetDropForwardingDisabled:count,title,"packet drop: forwarding disabled, count",
EnergyEfficient-0-20260924-21:08:21-1581,scalar,Ieee802154Showcase.sensor1.ipv4.ip,packetDropForwardingDisabled:sum(packetBytes),,,0
EnergyEfficient-0-20260924-21:08:21-1581,attr,Ieee802154Showcase.sensor1.ipv4.ip,packetDropForwardingDisabled:sum(packetBytes),interpolationmode,none,
EnergyEfficient-0-20260924-21:08:21-1581,attr,Ieee802154Showcase.sensor1.ipv4.ip,packetDropForwardingDisabled:sum(packetBytes),recordingmode,sum(packetBytes),
EnergyEfficient-0-20260924-21:08:21-1581,attr,Ieee802154Showcase.sensor1.ipv4.ip,packetDropForwardingDisabled:sum(packetBytes),source,packetDropReasonIsForwardingDisabled(packetDropped),
EnergyEfficient-0-20260924-21:08:21-1581,attr,Ieee802154Showcase.sensor1.ipv4.ip,packetDropForwardingDisabled:sum(packetBytes),title,"packet drop: forwarding disabled, sum(packetBytes)",
EnergyEfficient-0-20260924-21:08:21-1581,scalar,Ieee802154Showcase.sensor1.ipv4.ip,packetDropLifetimeExpired:count,,,0
EnergyEfficient-0-20260924-21:08:21-1581,attr,Ieee802154Showcase.sensor1.ipv4.ip,packetDropLifetimeExpired:count,interpolationmode,none,
EnergyEfficient-0-20260924-21:08:21-1581,attr,Ieee802154Showcase.sensor1.ipv4.ip,packetDropLifetimeExpired:count,recordingmode,count,
EnergyEfficient-0-20260924-21:08:21-1581,attr,Ieee802154Showcase.sensor1.ipv4.ip,packetDropLifetimeExpired:count,source,packetDropReasonIsLifetimeExpired(packetDropped),
EnergyEfficient-0-20260924-21:08:21-1581,attr,Ieee802154Showcase.sensor1.ipv4.ip,packetDropLifetimeExpired:count,title,"packet drop: lifetime expired, count",
EnergyEfficient-0-20260924-21:08:21-1581,scalar,Ieee802154Showcase.sensor1.ipv4.ip,packetDropLifetimeExpired:sum(packetBytes),,,0
EnergyEfficient-0-20260924-21:08:21-1581,attr,Ieee802154Showcase.sensor1.ipv4.ip,packetDropLifetimeExpired:sum(packetBytes),interpolationmode,none,
EnergyEfficient-0-20260924-21:08:21-1581,attr,Ieee802154Showcase.sensor1.ipv4.ip,packetDropLifetimeExpired:sum(packetBytes),recordingmode,sum(packetBytes),
EnergyEfficient-0-20260924-21:08:21-1581,attr,Ieee802154Showcase.sensor1.ipv4.ip,packetDropLifetimeExpired:sum(packetBytes),source,packetDropReasonIsLifetimeExpired(packetDropped),
EnergyEfficient-0-20260924-21:08:21-1581,attr,Ieee802154Showcase.sensor1.ipv4.ip,packetDropLifetimeExpired:sum(packetBytes),title,"packet drop: lifetime expired, sum(packetBytes)",
EnergyEfficient-0-20260924-21:08:21-1581,scalar,Ieee802154Showcase.sensor1.ipv4.ip,packetDropNoInterfaceFound:count,,,0
EnergyEfficient-0-20260924-21:08:21-1581,attr,Ieee802154Showcase.sensor1.ipv4.ip,packetDropNoInterfaceFound:count,interpolationmode,none,
EnergyEfficient-0-20260924-21:08:21-1581,attr,Ieee802154Showcase.sensor1.ipv4.ip,packetDropNoInterfaceFound:count,recordingmode,count,
EnergyEfficient-0-20260924-21:08:21-1581,attr,Ieee802154Showcase.sensor1.ipv4.ip,packetDropNoInterfaceFound:count,source,packetDropReasonIsNoInterfaceFound(packetDropped),
EnergyEfficient-0-20260924-21:08:21-1581,attr,Ieee802154Showcase.sensor1.ipv4.ip,packetDropNoInterfaceFound:count,title,"packet drop: no interface found, count",
EnergyEfficient-0-20260924-21:08:21-1581,scalar,Ieee802154Showcase.sensor1.ipv4.ip,packetDropNoInterfaceFound:sum(packetBytes),,,0
EnergyEfficient-0-20260924-21:08:21-1581,attr,Ieee802154Showcase.sensor1.ipv4.ip,packetDropNoInterfaceFound:sum(packetBytes),interpolationmode,none,
EnergyEfficient-0-20260924-21:08:21-1581,attr,Ieee802154Showcase.sensor1.ipv4.ip,packetDropNoInterfaceFound:sum(packetBytes),recordingmode,sum(packetBytes),
EnergyEfficient-0-20260924-21:08:21-1581,attr,Ieee802154Showcase.sensor1.ipv4.ip,packetDropNoInterfaceFound:sum(packetBytes),source,packetDropReasonIsNoInterfaceFound(packetDropped),
EnergyEfficient-0-20260924-21:08:21-1581,attr,Ieee802154Showcase.sensor1.ipv4.ip,packetDropNoInterfaceFound:sum(packetBytes),title,"packet drop: no interface found, sum(packetBytes)",
EnergyEfficient-0-20260924-21:08:21-1581,scalar,Ieee802154Showcase.sensor1.ipv4.ip,packetDropNoRouteFound:count,,,0
EnergyEfficient-0-20260924-21:08:21-1581,attr,Ieee802154Showcase.sensor1.ipv4.ip,packetDropNoRouteFound:count,interpolationmode,none,
EnergyEfficient-0-20260924-21:08:21-1581,attr,Ieee802154Showcase.sensor1.ipv4.ip,packetDropNoRouteFound:count,recordingmode,count,
EnergyEfficient-0-20260924-21:08:21-1581,attr,Ieee802154Showcase.sensor1.ipv4.ip,packetDropNoRouteFound:count,source,packetDropReasonIsNoRouteFound(packetDropped),
EnergyEfficient-0-20260924-21:08:21-1581,attr,Ieee802154Showcase.sensor1.ipv4.ip,packetDropNoRouteFound:count,title,"packet drop: no route found, count",
EnergyEfficient-0-20260924-21:08:21-1581,scalar,Ieee802154Showcase.sensor1.ipv4.ip,packetDropNoRouteFound:sum(packetBytes),,,0
EnergyEfficient-0-20260924-21:08:21-1581,attr,Ieee802154Showcase.sensor1.ipv4.ip,packetDropNoRouteFound:sum(packetBytes),interpolationmode,none,
EnergyEfficient-0-20260924-21:08:21-1581,attr,Ieee802154Showcase.sensor1.ipv4.ip,packetDropNoRouteFound:sum(packetBytes),recordingmode,sum(packetBytes),
EnergyEfficient-0-20260924-21:08:21-1581,attr,Ieee802154Showcase.sensor1.ipv4.ip,packetDropNoRouteFound:sum(packetBytes),source,packetDropReasonIsNoRouteFound(packetDropped),
EnergyEfficient-0-20260924-21:08:21-1581,attr,Ieee802154Showcase.sensor1.ipv4.ip,packetDropNoRouteFound:sum(packetBytes),title,"packet drop: no route found, sum(packetBytes)",
EnergyEfficient-0-20260924-21:08:21-1581,scalar,Ieee802154Showcase.sensor1.ipv4.ip,packetDropUndefined:count,,,0
EnergyEfficient-0-20260924-21:08:21-1581,attr,Ieee802154Showcase.sensor1.ipv4.ip,packetDropUndefined:count,interpolationmode,none,
EnergyEfficient-0-20260924-21:08:21-1581,attr,Ieee802154Showcase.sensor1.ipv4.ip,packetDropUndefined:count,recordingmode,count,
EnergyEfficient-0-20260924-21:08:21-1581,attr,Ieee802154Showcase.sensor1.ipv4.ip,packetDropUndefined:count,source,packetDropReasonIsUndefined(packetDropped),
EnergyEfficient-0-20260924-21:08:21-1581,attr,Ieee802154Showcase.sensor1.ipv4.ip,packetDropUndefined:count,title,"packet drop: undefined, count",
EnergyEfficient-0-20260924-21:08:21-1581,scalar,Ieee802154Showcase.sensor1.ipv4.ip,packetDropUndefined:sum(packetBytes),,,0
EnergyEfficient-0-20260924-21:08:21-1581,attr,Ieee802154Showcase.sensor1.ipv4.ip,packetDropUndefined:sum(packetBytes),interpolationmode,none,
EnergyEfficient-0-20260924-21:08:21-1581,attr,Ieee802154Showcase.sensor1.ipv4.ip,packetDropUndefined:sum(packetBytes),recordingmode,sum(packetBytes),
EnergyEfficient-0-20260924-21:08:21-1581,attr,Ieee802154Showcase.sensor1.ipv4.ip,packetDropUndefined:sum(packetBytes),source,packetDropReasonIsUndefined(packetDropped),
EnergyEfficient-0-20260924-21:08:21-1581,attr,Ieee802154Showcase.sensor1.ipv4.ip,packetDropUndefined:sum(packetBytes),title,"packet drop: undefined, sum(packetBytes)",
EnergyEfficient-0-20260924-21:08:21-1581,scalar,Ieee802154Showcase.sensor1.udp,packetReceived:count,,,0
EnergyEfficient-0-20260924-21:08:21-1581,attr,Ieee802154Showcase.sensor1.udp,packetReceived:count,interpolationmode,none,
EnergyEfficient-0-20260924-21:08:21-1581,attr,Ieee802154Showcase.sensor1.udp,packetReceived:count,recordingmode,count,
EnergyEfficient-0-20260924-21:08:21-1581,attr,Ieee802154Showcase.sensor1.udp,packetReceived:count,source,packetReceived,
EnergyEfficient-0-20260924-21:08:21-1581,attr,Ieee802154Showcase.sensor1.udp,packetReceived:count,title,"packets received, count",
EnergyEfficient-0-20260924-21:08:21-1581,scalar,Ieee802154Showcase.sensor1.udp,packetReceived:sum(packetBytes),,,0
EnergyEfficient-0-20260924-21:08:21-1581,attr,Ieee802154Showcase.sensor1.udp,packetReceived:sum(packetBytes),interpolationmode,none,
EnergyEfficient-0-20260924-21:08:21-1581,attr,Ieee802154Showcase.sensor1.udp,packetReceived:sum(packetBytes),recordingmode,sum(packetBytes),
EnergyEfficient-0-20260924-21:08:21-1581,attr,Ieee802154Showcase.sensor1.udp,packetReceived:sum(packetBytes),source,packetReceived,
EnergyEfficient-0-20260924-21:08:21-1581,attr,Ieee802154Showcase.sensor1.udp,packetReceived:sum(packetBytes),title,"packets received, sum(packetBytes)",
EnergyEfficient-0-20260924-21:08:21-1581,scalar,Ieee802154Showcase.sensor1.udp,packetSent:count,,,20
EnergyEfficient-0-20260924-21:08:21-1581,attr,Ieee802154Showcase.sensor1.udp,packetSent:count,interpolationmode,none,
EnergyEfficient-0-20260924-21:08:21-1581,attr,Ieee802154Showcase.sensor1.udp,packetSent:count,recordingmode,count,
EnergyEfficient-0-20260924-21:08:21-1581,attr,Ieee802154Showcase.sensor1.udp,packetSent:count,source,packetSent,
EnergyEfficient-0-20260924-21:08:21-1581,attr,Ieee802154Showcase.sensor1.udp,packetSent:count,title,"packets sent, count",
EnergyEfficient-0-20260924-21:08:21-1581,scalar,Ieee802154Showcase.sensor1.udp,packetSent:sum(packetBytes),,,360
EnergyEfficient-0-20260924-21:08:21-1581,attr,Ieee802154Showcase.sensor1.udp,packetSent:sum(packetBytes),interpolationmode,none,
EnergyEfficient-0-20260924-21:08:21-1581,attr,Ieee802154Showcase.sensor1.udp,packetSent:sum(packetBytes),recordingmode,sum(packetBytes),
EnergyEfficient-0-20260924-21:08:21-1581,attr,Ieee802154Showcase.sensor1.udp,packetSent:sum(packetBytes),source,packetSent,
EnergyEfficient-0-20260924-21:08:21-1581,attr,Ieee802154Showcase.sensor1.udp,packetSent:sum(packetBytes),title,"packets sent, sum(packetBytes)",
EnergyEfficient-0-20260924-21:08:21-1581,scalar,Ieee802154Showcase.sensor1.udp,passedUpPk:count,,,0
EnergyEfficient-0-20260924-21:08:21-1581,attr,Ieee802154Showcase.sensor1.udp,passedUpPk:count,interpolationmode,none,
EnergyEfficient-0-20260924-21:08:21-1581,attr,Ieee802154Showcase.sensor1.udp,passedUpPk:count,recordingmode,count,
EnergyEfficient-0-20260924-21:08:21-1581,attr,Ieee802154Showcase.sensor1.udp,passedUpPk:count,source,packetSentToUpper,
EnergyEfficient-0-20260924-21:08:21-1581,attr,Ieee802154Showcase.sensor1.udp,passedUpPk:count,title,"packets passed up, count",
EnergyEfficient-0-20260924-21:08:21-1581,scalar,Ieee802154Showcase.sensor1.udp,droppedPkWrongPort:count,,,0
EnergyEfficient-0-20260924-21:08:21-1581,attr,Ieee802154Showcase.sensor1.udp,droppedPkWrongPort:count,interpolationmode,none,
EnergyEfficient-0-20260924-21:08:21-1581,attr,Ieee802154Showcase.sensor1.udp,droppedPkWrongPort:count,recordingmode,count,
EnergyEfficient-0-20260924-21:08:21-1581,attr,Ieee802154Showcase.sensor1.udp,droppedPkWrongPort:count,source,packetDropReasonIsNoPortFound(packetDropped),
EnergyEfficient-0-20260924-21:08:21-1581,attr,Ieee802154Showcase.sensor1.udp,droppedPkWrongPort:count,title,"packets dropped (wrong port), count",
EnergyEfficient-0-20260924-21:08:21-1581,scalar,Ieee802154Showcase.sensor1.udp,droppedPkBadChecksum:count,,,0
EnergyEfficient-0-20260924-21:08:21-1581,attr,Ieee802154Showcase.sensor1.udp,droppedPkBadChecksum:count,interpolationmode,none,
EnergyEfficient-0-20260924-21:08:21-1581,attr,Ieee802154Showcase.sensor1.udp,droppedPkBadChecksum:count,recordingmode,count,
EnergyEfficient-0-20260924-21:08:21-1581,attr,Ieee802154Showcase.sensor1.udp,droppedPkBadChecksum:count,source,packetDropReasonIsIncorrectlyReceived(packetDropped),
EnergyEfficient-0-20260924-21:08:21-1581,attr,Ieee802154Showcase.sensor1.udp,droppedPkBadChecksum:count,title,"packets dropped (checksum error), count",
EnergyEfficient-0-20260924-21:08:21-1581,scalar,Ieee802154Showcase.sensor1.app[0],packets sent,,,20
EnergyEfficient-0-20260924-21:08:21-1581,scalar,Ieee802154Showcase.sensor1.app[0],packets received,,,0
EnergyEfficient-0-20260924-21:08:21-1581,scalar,Ieee802154Showcase.sensor1.app[0],packetReceived:count,,,0
EnergyEfficient-0-20260924-21:08:21-1581,attr,Ieee802154Showcase.sensor1.app[0],packetReceived:count,interpolationmode,none,
EnergyEfficient-0-20260924-21:08:21-1581,attr,Ieee802154Showcase.sensor1.app[0],packetReceived:count,recordingmode,count,
EnergyEfficient-0-20260924-21:08:21-1581,attr,Ieee802154Showcase.sensor1.app[0],packetReceived:count,source,packetReceived,
EnergyEfficient-0-20260924-21:08:21-1581,attr,Ieee802154Showcase.sensor1.app[0],packetReceived:count,title,"packets received, count",
EnergyEfficient-0-20260924-21:08:21-1581,scalar,Ieee802154Showcase.sensor1.app[0],packetReceived:sum(packetBytes),,,0
EnergyEfficient-0-20260924-21:08:21-1581,attr,Ieee802154Showcase.sensor1.app[0],packetReceived:sum(packetBytes),interpolationmode,none,
EnergyEfficient-0-20260924-21:08:21-1581,attr,Ieee802154Showcase.sensor1.app[0],packetReceived:sum(packetBytes),recordingmode,sum(packetBytes),
EnergyEfficient-0-20260924-21:08:21-1581,attr,Ieee802154Showcase.sensor1.app[0],packetReceived:sum(packetBytes),source,packetReceived,
EnergyEfficient-0-20260924-21:08:21-1581,attr,Ieee802154Showcase.sensor1.app[0],packetReceived:sum(packetBytes),title,"packets received, sum(packetBytes)",
EnergyEfficient-0-20260924-21:08:21-1581,scalar,Ieee802154Showcase.sensor1.app[0],packetSent:count,,,20
EnergyEfficient-0-20260924-21:08:21-1581,attr,Ieee802154Showcase.sensor1.app[0],packetSent:count,interpolationmode,none,
EnergyEfficient-0-20260924-21:08:21-1581,attr,Ieee802154Showcase.sensor1.app[0],packetSent:count,recordingmode,count,
EnergyEfficient-0-20260924-21:08:21-1581,attr,Ieee802154Showcase.sensor1.app[0],packetSent:count,source,packetSent,
EnergyEfficient-0-20260924-21:08:21-1581,attr,Ieee802154Showcase.sensor1.app[0],packetSent:count,title,"packets sent, count",
EnergyEfficient-0-20260924-21:08:21-1581,scalar,Ieee802154Showcase.sensor1.app[0],packetSent:sum(packetBytes),,,200
EnergyEfficient-0-20260924-21:08:21-1581,attr,Ieee802154Showcase.sensor1.app[0],packetSent:sum(packetBytes),interpolationmode,none,
EnergyEfficient-0-20260924-21:08:21-1581,attr,Ieee802154Showcase.sensor1.app[0],packetSent:sum(packetBytes),recordingmode,sum(packetBytes),
EnergyEfficient-0-20260924-21:08:21-1581,attr,Ieee802154Showcase.sensor1.app[0],packetSent:sum(packetBytes),source,packetSent,
EnergyEfficient-0-20260924-21:08:21-1581,attr,Ieee802154Showcase.sensor1.app[0],packetSent:sum(packetBytes),title,"packets sent, sum(packetBytes)",
